City_ID,City,Lat,Lng,Max Temp,Humidity,Cloudiness,Wind Speed,Country,Date
0,Kapaa,22.0752,-159.319,87.78,76,20,3.0,US,2021-08-01 04:43:25
1,Hobart,-42.8794,147.3294,50.11,73,75,4.0,AU,2021-08-01 04:39:56
2,Beringovskiy,63.05,179.3167,47.75,72,98,6.6,RU,2021-08-01 04:43:25
3,Rikitea,-23.1203,-134.9692,70.27,73,32,18.03,PF,2021-08-01 04:43:26
4,Castro,-24.7911,-50.0119,43.83,96,100,2.86,BR,2021-08-01 04:43:26
5,East London,-33.0153,27.9116,63.54,23,0,5.75,ZA,2021-08-01 04:43:26
6,Lompoc,34.6391,-120.4579,70.79,86,1,6.91,US,2021-08-01 04:39:38
7,Ampanihy,-24.7,44.75,62.67,58,0,6.04,MG,2021-08-01 04:43:27
8,Jamestown,42.097,-79.2353,64.71,92,40,1.99,US,2021-08-01 04:39:18
9,Barrow,71.2906,-156.7887,53.62,81,40,19.57,US,2021-08-01 04:43:27
10,Ushuaia,-54.8,-68.3,46.06,49,40,28.77,AR,2021-08-01 04:42:34
11,Sovetskiy,61.3614,63.5842,62.55,93,100,8.32,RU,2021-08-01 04:43:28
12,Iranshahr,27.2025,60.6848,97.14,32,6,0.0,IR,2021-08-01 04:43:28
13,Mizan Teferi,6.9833,35.5833,61.2,96,100,2.77,ET,2021-08-01 04:43:28
14,Kazachinskoye,57.6953,93.2761,76.06,45,69,3.85,RU,2021-08-01 04:43:29
15,Hermanus,-34.4187,19.2345,55.8,84,62,9.62,ZA,2021-08-01 04:43:29
16,Thompson,55.7435,-97.8558,59.16,77,40,0.0,CA,2021-08-01 04:43:29
17,San Jose Del Palmar,4.9742,-76.2283,71.26,99,99,0.94,CO,2021-08-01 04:43:30
18,Viking,53.1001,-111.7684,73.13,39,26,8.72,CA,2021-08-01 04:43:30
19,Cape Town,-33.9258,18.4232,54.27,90,20,6.91,ZA,2021-08-01 04:41:40
20,Mahebourg,-20.4081,57.7,73.26,68,75,17.27,MU,2021-08-01 04:43:31
21,Port Alfred,-33.5906,26.891,63.81,32,72,8.34,ZA,2021-08-01 04:43:31
22,Busselton,-33.65,115.3333,50.09,63,78,28.99,AU,2021-08-01 04:43:31
23,Los Llanos De Aridane,28.6585,-17.9182,67.75,89,40,18.41,ES,2021-08-01 04:43:31
24,Dowa,-13.654,33.9375,52.07,84,4,2.13,MW,2021-08-01 04:43:32
25,Lebu,-37.6167,-73.65,45.52,79,3,13.8,CL,2021-08-01 04:43:32
26,Albany,42.6001,-73.9662,60.53,82,34,2.53,US,2021-08-01 04:43:32
27,New Norfolk,-42.7826,147.0587,48.76,52,41,8.12,AU,2021-08-01 04:43:33
28,Lasa,46.6166,10.7002,62.06,93,96,1.03,IT,2021-08-01 04:43:33
29,Tuktoyaktuk,69.4541,-133.0374,66.2,77,75,10.36,CA,2021-08-01 04:43:34
30,Gidam,18.9833,81.4,80.71,74,100,13.02,IN,2021-08-01 04:43:34
31,Natal,-5.795,-35.2094,74.05,94,40,10.36,BR,2021-08-01 04:43:34
32,Port Elizabeth,-33.918,25.5701,48.49,81,0,3.44,ZA,2021-08-01 04:43:34
33,Mount Isa,-20.7333,139.5,91.17,21,75,9.22,AU,2021-08-01 04:43:35
34,Boende,-0.2167,20.8667,71.06,84,86,2.08,CD,2021-08-01 04:43:35
35,Dauriya,49.9333,116.8667,71.58,41,12,10.0,RU,2021-08-01 04:43:35
36,Havre-Saint-Pierre,50.2334,-63.5986,55.76,94,90,5.75,CA,2021-08-01 04:43:36
37,Egvekinot,66.3167,-179.1667,41.32,61,86,1.97,RU,2021-08-01 04:43:36
38,Hasaki,35.7333,140.8333,93.29,76,9,11.7,JP,2021-08-01 04:39:05
39,Khatanga,71.9667,102.5,72.7,50,100,2.89,RU,2021-08-01 04:43:37
40,Butaritari,3.0707,172.7902,82.62,71,15,8.25,KI,2021-08-01 04:43:37
41,Saint-Joseph,-21.3667,55.6167,71.96,75,18,12.21,RE,2021-08-01 04:43:37
42,Faranah,10.0404,-10.7434,69.12,96,100,6.87,GN,2021-08-01 04:43:38
43,Bluff,-46.6,168.3333,48.79,91,93,2.3,NZ,2021-08-01 04:43:38
44,Provideniya,64.3833,-173.3,45.52,78,96,6.11,RU,2021-08-01 04:43:38
45,San Patricio,28.017,-97.5169,84.85,77,30,13.56,US,2021-08-01 04:43:39
46,Constitucion,-35.3333,-72.4167,50.61,71,0,5.79,CL,2021-08-01 04:43:39
47,Grindavik,63.8424,-22.4338,53.55,100,90,6.91,IS,2021-08-01 04:43:39
48,Kieta,-6.2167,155.6333,82.06,81,62,7.76,PG,2021-08-01 04:43:40
49,Nikolskoye,59.7035,30.7861,62.78,81,87,5.64,RU,2021-08-01 04:43:40
50,Bredasdorp,-34.5322,20.0403,55.27,93,97,6.91,ZA,2021-08-01 04:43:40
51,Aguimes,27.9054,-15.4461,68.67,73,20,27.63,ES,2021-08-01 04:43:41
52,Victoria,22.2855,114.1577,90.25,79,100,1.01,HK,2021-08-01 04:43:41
53,Aksha,50.2814,113.2867,67.69,68,70,7.07,RU,2021-08-01 04:43:41
54,Banda Aceh,5.5577,95.3222,86.16,63,100,17.76,ID,2021-08-01 04:43:42
55,Baykit,61.67,96.37,74.84,41,87,3.02,RU,2021-08-01 04:43:42
56,Bathsheba,13.2167,-59.5167,81.21,78,20,16.11,BB,2021-08-01 04:43:42
57,Faanui,-16.4833,-151.75,77.18,67,60,15.08,PF,2021-08-01 04:43:43
58,Dunga Bunga,29.7493,73.2432,97.83,42,2,7.38,PK,2021-08-01 04:43:43
59,Mataura,-46.1927,168.8643,48.47,99,100,0.85,NZ,2021-08-01 04:43:43
60,Grand Gaube,-20.0064,57.6608,73.38,64,2,11.01,MU,2021-08-01 04:43:44
61,Puerto Escondido,15.85,-97.0667,80.92,84,82,5.88,MX,2021-08-01 04:43:44
62,Puerto Ayora,-0.7393,-90.3518,71.55,93,5,7.0,EC,2021-08-01 04:43:44
63,Saskylakh,71.9167,114.0833,83.17,23,7,12.91,RU,2021-08-01 04:43:44
64,Levelland,33.5873,-102.378,83.25,71,97,12.39,US,2021-08-01 04:43:45
65,Uruguaiana,-29.7547,-57.0883,44.53,100,0,3.44,BR,2021-08-01 04:39:51
66,Klaksvik,62.2266,-6.589,45.52,79,100,11.23,FO,2021-08-01 04:43:45
67,Issoire,45.55,3.25,54.66,91,79,0.6,FR,2021-08-01 04:43:46
68,Glendive,47.1053,-104.7125,76.62,37,1,4.61,US,2021-08-01 04:43:46
69,Saint-Philippe,-21.3585,55.7679,72.95,81,38,13.56,RE,2021-08-01 04:43:46
70,Punta Arenas,-53.15,-70.9167,46.51,66,40,19.57,CL,2021-08-01 04:43:47
71,Lavrentiya,65.5833,-171.0,41.18,92,100,4.05,RU,2021-08-01 04:43:47
72,Saint-Francois,46.4154,3.9054,58.17,97,0,4.61,FR,2021-08-01 04:43:47
73,Srednekolymsk,67.45,153.6833,39.85,93,100,17.25,RU,2021-08-01 04:43:48
74,Komsomolskiy,40.4272,71.7189,81.82,47,40,2.3,UZ,2021-08-01 04:43:48
75,Ulaangom,49.9811,92.0667,70.84,37,100,11.7,MN,2021-08-01 04:43:48
76,Malyye Derbety,47.9547,44.6808,88.29,22,0,5.93,RU,2021-08-01 04:43:49
77,Norman Wells,65.282,-126.8329,77.04,44,40,2.3,CA,2021-08-01 04:43:49
78,Vanino,49.0869,140.2543,59.34,83,100,8.1,RU,2021-08-01 04:43:49
79,Pisco,-13.7,-76.2167,62.65,82,90,6.91,PE,2021-08-01 04:43:49
80,Carnarvon,-24.8667,113.6333,66.27,58,90,5.75,AU,2021-08-01 04:43:50
81,College,64.8569,-147.8028,76.98,46,75,6.91,US,2021-08-01 04:43:50
82,Borzna,51.2546,32.4269,73.53,61,11,6.33,UA,2021-08-01 04:43:50
83,Sur,22.5667,59.5289,93.76,49,34,7.43,OM,2021-08-01 04:43:51
84,Yellowknife,62.456,-114.3525,72.12,56,20,6.91,CA,2021-08-01 04:43:51
85,Marawi,7.9986,124.2928,87.96,47,43,3.69,PH,2021-08-01 04:43:51
86,Ahipara,-35.1667,173.1667,56.48,75,79,8.12,NZ,2021-08-01 04:43:52
87,Cidreira,-30.1811,-50.2056,54.48,91,100,10.29,BR,2021-08-01 04:41:14
88,Duluth,46.7833,-92.1066,69.28,73,1,1.01,US,2021-08-01 04:38:59
89,Hualmay,-11.0964,-77.6139,62.82,86,22,7.74,PE,2021-08-01 04:43:52
90,Isangel,-19.55,169.2667,73.51,56,5,14.97,VU,2021-08-01 04:43:52
91,Pevek,69.7008,170.3133,35.98,80,93,23.44,RU,2021-08-01 04:43:53
92,Tobol,52.6844,62.5794,83.71,43,17,13.15,KZ,2021-08-01 04:43:53
93,Tarko-Sale,64.9225,77.785,62.04,52,82,5.73,RU,2021-08-01 04:43:53
94,Omaruru,-21.4333,15.9333,49.89,42,0,10.56,NA,2021-08-01 04:43:54
95,Arraial Do Cabo,-22.9661,-42.0278,66.63,58,100,13.24,BR,2021-08-01 04:43:54
96,Berdigestyakh,62.0989,126.6992,86.14,24,13,0.31,RU,2021-08-01 04:43:54
97,Hithadhoo,-0.6,73.0833,81.82,71,53,5.99,MV,2021-08-01 04:43:55
98,Sinnamary,5.3833,-52.95,77.99,86,90,6.76,GF,2021-08-01 04:43:55
99,Maniwaki,46.3834,-75.966,57.74,94,100,1.14,CA,2021-08-01 04:43:55
100,Selfoss,63.9331,-20.9971,53.49,95,100,1.14,IS,2021-08-01 04:43:56
101,Cherskiy,68.75,161.3,48.58,63,100,12.77,RU,2021-08-01 04:43:56
102,Te Anau,-45.4167,167.7167,48.96,94,99,0.38,NZ,2021-08-01 04:43:56
103,Mandalgovi,45.7625,106.2708,72.19,35,63,10.16,MN,2021-08-01 04:43:57
104,Villazon,-22.0866,-65.5942,30.43,70,7,3.98,BO,2021-08-01 04:43:57
105,Antofagasta,-23.65,-70.4,56.48,74,47,4.18,CL,2021-08-01 04:41:30
106,Lulea,65.5842,22.1547,59.07,94,90,5.75,SE,2021-08-01 04:43:57
107,Saint-Pierre,-21.3393,55.4781,73.04,58,0,4.61,RE,2021-08-01 04:43:58
108,Makinsk,52.6292,70.4169,81.23,41,92,7.54,KZ,2021-08-01 04:43:58
109,Dukat,62.55,155.55,38.98,92,100,16.6,RU,2021-08-01 04:43:58
110,Ranfurly,-45.1333,170.1,44.64,95,100,2.55,NZ,2021-08-01 04:43:59
111,Atar,20.5169,-13.0499,82.71,54,66,5.86,MR,2021-08-01 04:43:59
112,Kargat,55.1956,80.2811,75.61,46,12,5.77,RU,2021-08-01 04:43:59
113,Codajas,-3.8367,-62.0569,71.8,69,25,0.65,BR,2021-08-01 04:44:00
114,Yulara,-25.2406,130.9889,71.44,35,0,6.91,AU,2021-08-01 04:44:00
115,Bethel,41.3712,-73.414,63.64,86,1,3.44,US,2021-08-01 04:44:00
116,Severo-Kurilsk,50.6789,156.125,54.48,92,96,16.06,RU,2021-08-01 04:44:01
117,Inverness,57.4791,-4.224,53.58,79,90,1.99,GB,2021-08-01 04:42:12
118,Havelock,34.8791,-76.9013,78.93,94,1,3.44,US,2021-08-01 04:44:01
119,Tasiilaq,65.6145,-37.6368,42.96,81,38,4.52,GL,2021-08-01 04:44:01
120,Mar Del Plata,-38.0023,-57.5575,47.12,29,7,3.0,AR,2021-08-01 04:41:59
121,Severomuysk,56.1481,113.4267,56.68,54,66,4.29,RU,2021-08-01 04:44:02
122,Ishigaki,24.3448,124.1572,86.13,79,75,12.66,JP,2021-08-01 04:44:02
123,Namatanai,-3.6667,152.4333,82.98,70,26,3.62,PG,2021-08-01 04:44:02
124,Bengkulu,-3.8004,102.2655,83.23,71,13,6.24,ID,2021-08-01 04:44:03
125,Liverpool,53.4106,-2.9779,56.68,79,75,3.0,GB,2021-08-01 04:41:38
126,Cooma,-36.2333,149.1333,46.17,76,75,12.66,AU,2021-08-01 04:44:03
127,Imeni Poliny Osipenko,52.4201,136.4853,50.2,97,100,6.02,RU,2021-08-01 04:44:03
128,Omsukchan,62.5333,155.8,41.97,87,100,13.0,RU,2021-08-01 04:44:04
129,Qaanaaq,77.484,-69.3632,39.15,94,96,1.61,GL,2021-08-01 04:44:04
130,Caravelas,-17.7125,-39.2481,67.5,75,80,12.62,BR,2021-08-01 04:44:04
131,Hilo,19.7297,-155.09,75.79,87,48,1.01,US,2021-08-01 04:40:32
132,Berlevag,70.8578,29.0864,48.15,94,100,5.19,NO,2021-08-01 04:44:05
133,Longyearbyen,78.2186,15.6401,44.44,70,20,13.8,SJ,2021-08-01 04:39:41
134,Vaini,-21.2,-175.2,75.36,73,20,25.32,TO,2021-08-01 04:44:05
135,Kruisfontein,-34.0033,24.7314,53.19,37,90,7.78,ZA,2021-08-01 04:44:05
136,Dikson,73.5069,80.5464,41.4,100,100,6.58,RU,2021-08-01 04:44:06
137,Sao Filipe,14.8961,-24.4956,74.68,87,77,11.32,CV,2021-08-01 04:44:06
138,Hami,42.8,93.45,76.8,42,100,6.08,CN,2021-08-01 04:39:09
139,Toropets,56.4978,31.6353,64.44,70,100,7.92,RU,2021-08-01 04:44:07
140,Henderson,36.0397,-114.9819,92.64,47,20,0.0,US,2021-08-01 04:44:07
141,Fairfield,41.2668,-73.3162,65.98,85,1,3.44,US,2021-08-01 04:41:23
142,Torbay,47.6666,-52.7314,60.67,85,75,17.27,CA,2021-08-01 04:43:14
143,Avarua,-21.2078,-159.775,77.05,69,100,12.66,CK,2021-08-01 04:44:07
144,Dingle,10.9995,122.6711,89.51,64,81,16.2,PH,2021-08-01 04:44:08
145,Iqaluit,63.7506,-68.5145,56.93,51,75,11.5,CA,2021-08-01 04:44:08
146,Qaqortoq,60.7167,-46.0333,48.7,84,100,3.51,GL,2021-08-01 04:44:08
147,Gazli,40.1333,63.45,93.25,12,0,16.42,UZ,2021-08-01 04:44:09
148,Souillac,-20.5167,57.5167,74.35,68,75,17.27,MU,2021-08-01 04:44:09
149,Tres Arroyos,-38.3739,-60.2798,38.25,84,0,0.85,AR,2021-08-01 04:44:10
150,Andra,62.5147,65.8878,57.49,97,100,8.3,RU,2021-08-01 04:44:10
151,Khawhai,23.3667,93.1167,69.55,89,80,1.99,IN,2021-08-01 04:44:10
152,Saint George,37.1041,-113.5841,82.26,50,1,4.0,US,2021-08-01 04:41:01
153,Bilma,18.6853,12.9164,86.45,46,3,9.26,NE,2021-08-01 04:44:11
154,Fortuna,40.5982,-124.1573,57.92,92,90,3.44,US,2021-08-01 04:44:11
155,Walvis Bay,-22.9575,14.5053,72.55,18,0,21.85,NA,2021-08-01 04:44:11
156,Kidero,42.1932,45.9614,63.3,63,0,2.82,RU,2021-08-01 04:44:12
157,Henties Bay,-22.116,14.2845,70.48,31,0,18.23,NA,2021-08-01 04:44:12
158,Kiryu,36.4,139.3333,94.15,45,22,5.17,JP,2021-08-01 04:44:12
159,Wilmington,34.2257,-77.9447,82.9,92,75,0.0,US,2021-08-01 04:41:31
160,Acarau,-2.8856,-40.12,77.07,81,97,13.62,BR,2021-08-01 04:44:13
161,Havoysund,70.9963,24.6622,45.48,78,100,4.5,NO,2021-08-01 04:44:13
162,Maragogi,-9.0122,-35.2225,73.78,87,34,17.76,BR,2021-08-01 04:44:13
163,Port Blair,11.6667,92.75,84.45,78,100,19.89,IN,2021-08-01 04:44:14
164,Comodoro Rivadavia,-45.8667,-67.5,49.86,25,0,16.11,AR,2021-08-01 04:44:14
165,Esperance,-33.8667,121.9,55.24,85,98,25.86,AU,2021-08-01 04:44:14
166,Qui Nhon,13.7667,109.2333,90.43,56,100,18.75,VN,2021-08-01 04:44:15
167,Opochka,56.7105,28.6617,65.23,79,63,6.29,RU,2021-08-01 04:44:15
168,Katsuura,35.1333,140.3,91.51,70,5,10.67,JP,2021-08-01 04:44:15
169,Porto Velho,-8.7619,-63.9039,68.05,88,0,0.0,BR,2021-08-01 04:44:16
170,Georgetown,5.4112,100.3354,87.75,80,40,3.0,MY,2021-08-01 04:44:16
171,San Cristobal,7.7669,-72.225,65.79,97,91,4.94,VE,2021-08-01 04:44:16
172,Upernavik,72.7868,-56.1549,44.01,74,100,6.91,GL,2021-08-01 04:44:17
173,Ambon,-3.6954,128.1814,89.74,62,40,6.91,ID,2021-08-01 04:44:17
174,Berdsk,54.7551,83.0967,76.6,45,84,7.58,RU,2021-08-01 04:44:17
175,Kerema,-7.9631,145.7785,79.86,77,51,5.82,PG,2021-08-01 04:44:18
176,Bilibino,68.0546,166.4372,49.21,53,99,16.53,RU,2021-08-01 04:44:18
177,Kodiak,57.79,-152.4072,62.11,72,90,4.61,US,2021-08-01 04:44:18
178,Epe,6.5841,3.9834,73.58,93,86,3.85,NG,2021-08-01 04:44:19
179,Pacifica,37.6138,-122.4869,69.75,86,20,3.0,US,2021-08-01 04:44:19
180,Lagunas,-5.2269,-75.6753,68.23,73,15,1.57,PE,2021-08-01 04:44:19
181,Kjollefjord,70.9457,27.3465,45.97,95,100,8.57,NO,2021-08-01 04:44:20
182,San Juan,-31.5375,-68.5364,49.05,40,96,2.46,AR,2021-08-01 04:44:20
183,Dong Hoi,17.4833,106.6,89.11,63,100,8.93,VN,2021-08-01 04:40:12
184,Ouallam,14.3188,2.0866,80.67,70,29,13.53,NE,2021-08-01 04:44:21
185,Belmonte,-15.8631,-38.8828,63.1,81,98,10.45,BR,2021-08-01 04:44:21
186,Deputatskiy,69.3,139.9,52.32,50,28,10.49,RU,2021-08-01 04:44:21
187,Ossora,59.2353,163.0719,58.75,52,60,9.15,RU,2021-08-01 04:44:22
188,North Battleford,52.7834,-108.2847,71.69,46,1,9.22,CA,2021-08-01 04:44:22
189,Teya,60.3778,92.6267,76.14,35,57,2.21,RU,2021-08-01 04:44:22
190,Champerico,14.3,-91.9167,82.35,81,26,3.89,GT,2021-08-01 04:44:23
191,Aksu,41.1231,80.2644,85.01,18,92,2.98,CN,2021-08-01 04:44:23
192,Vostok,46.4856,135.8833,83.75,48,81,4.38,RU,2021-08-01 04:44:23
193,Pitimbu,-7.4706,-34.8086,73.99,84,10,14.25,BR,2021-08-01 04:44:24
194,Poum,-20.2333,164.0167,70.43,61,1,20.18,NC,2021-08-01 04:44:24
195,Zhuanghe,39.7008,122.9911,82.18,78,23,9.4,CN,2021-08-01 04:44:24
196,Kaitangata,-46.2817,169.8464,49.06,97,100,1.16,NZ,2021-08-01 04:44:25
197,Nuuk,64.1835,-51.7216,48.81,81,88,10.36,GL,2021-08-01 04:44:25
198,Sandakan,5.8402,118.1179,91.08,55,20,5.99,MY,2021-08-01 04:44:25
199,Zhigansk,66.7697,123.3711,79.97,39,30,11.05,RU,2021-08-01 04:44:26
200,Nushki,29.5542,66.0215,87.78,11,0,5.44,PK,2021-08-01 04:44:26
201,Mancio Lima,-7.6142,-72.8958,66.92,71,6,1.05,BR,2021-08-01 04:44:26
202,Soyo,-6.1349,12.3689,73.45,76,95,4.45,AO,2021-08-01 04:44:27
203,Kronach,50.2396,11.3331,60.04,84,100,1.72,DE,2021-08-01 04:44:27
204,Chuy,-33.6971,-53.4616,46.15,93,23,0.98,UY,2021-08-01 04:44:27
205,Sitka,57.0531,-135.33,60.69,82,90,4.61,US,2021-08-01 04:44:27
206,La Ronge,55.1001,-105.2842,62.85,63,75,2.3,CA,2021-08-01 04:44:28
207,Tual,-5.6667,132.75,81.48,76,74,9.73,ID,2021-08-01 04:44:28
208,Ribeira Grande,38.5167,-28.7,71.06,86,98,8.86,PT,2021-08-01 04:44:28
209,Najran,17.4924,44.1277,83.05,44,82,6.13,SA,2021-08-01 04:44:29
210,Griffith,41.5284,-87.4237,73.89,82,1,1.01,US,2021-08-01 04:44:29
211,Bone,51.9669,12.1396,58.82,87,100,5.23,DE,2021-08-01 04:44:29
212,Brigantine,39.4101,-74.3646,71.02,84,1,3.44,US,2021-08-01 04:44:31
213,Kattivakkam,13.2167,80.3167,87.89,48,99,14.52,IN,2021-08-01 04:44:31
214,Talnakh,69.4865,88.3972,55.76,73,93,10.83,RU,2021-08-01 04:44:32
215,Omboue,-1.5746,9.2618,72.64,84,49,4.18,GA,2021-08-01 04:44:32
216,Pochutla,15.7432,-96.4661,80.82,89,27,4.38,MX,2021-08-01 04:44:32
217,Atuona,-9.8,-139.0333,77.22,67,68,14.54,PF,2021-08-01 04:44:33
218,Ekhabi,53.5102,142.9671,57.6,71,96,7.96,RU,2021-08-01 04:44:33
219,Boksitogorsk,59.474,33.8485,64.6,76,64,6.24,RU,2021-08-01 04:44:33
220,Necochea,-38.5473,-58.7368,42.37,81,2,4.52,AR,2021-08-01 04:44:33
221,Guiratinga,-16.3494,-53.7583,64.96,38,52,2.89,BR,2021-08-01 04:44:34
222,Abha,18.2164,42.5053,62.85,82,0,0.0,SA,2021-08-01 04:44:34
223,Achit,56.7985,57.8994,70.11,79,39,9.06,RU,2021-08-01 04:44:35
224,Husavik,66.0449,-17.3389,46.31,69,100,2.75,IS,2021-08-01 04:44:35
225,Dubbo,-32.25,148.6167,62.73,59,75,6.91,AU,2021-08-01 04:41:07
226,Sobolevo,54.4299,31.8996,63.81,92,100,5.97,RU,2021-08-01 04:44:35
227,Bam,29.106,58.357,96.57,11,3,10.47,IR,2021-08-01 04:44:36
228,Leningradskiy,69.3833,178.4167,35.83,86,99,19.86,RU,2021-08-01 04:44:36
229,Lisakovsk,52.5369,62.4936,84.54,40,17,13.35,KZ,2021-08-01 04:44:36
230,Qasigiannguit,68.8193,-51.1922,46.65,81,89,3.89,GL,2021-08-01 04:44:37
231,Tiarei,-17.5333,-149.3333,77.02,65,89,15.88,PF,2021-08-01 04:44:37
232,Selenduma,50.9131,106.2406,75.47,48,60,4.43,RU,2021-08-01 04:44:38
233,Moose Factory,51.2585,-80.6094,48.2,100,1,2.3,CA,2021-08-01 04:44:38
234,Moussoro,13.6408,16.4901,77.83,80,100,6.51,TD,2021-08-01 04:44:38
235,Polunochnoye,60.8697,60.4153,68.88,67,68,9.95,RU,2021-08-01 04:44:38
236,Nanortalik,60.1432,-45.2371,50.11,76,100,17.02,GL,2021-08-01 04:44:39
237,Puerto Penasco,31.3167,-113.5333,85.91,76,65,10.47,MX,2021-08-01 04:44:39
238,Rocha,-34.4833,-54.3333,43.38,92,4,3.96,UY,2021-08-01 04:44:39
239,Salta,-24.7859,-65.4117,43.57,68,0,1.99,AR,2021-08-01 04:40:30
240,Mount Gambier,-37.8333,140.7667,51.71,87,75,9.22,AU,2021-08-01 04:44:40
241,Aripuana,-9.1667,-60.6333,67.84,52,9,2.21,BR,2021-08-01 04:44:40
242,Xicotencatl,23.0167,-98.8833,80.47,82,15,2.82,MX,2021-08-01 04:44:40
243,Morgan City,29.6994,-91.2068,77.04,100,1,0.0,US,2021-08-01 04:44:41
244,Pacific Grove,36.6177,-121.9166,63.81,88,1,1.99,US,2021-08-01 04:44:41
245,Tezu,27.9167,96.1667,83.64,85,86,2.13,IN,2021-08-01 04:44:41
246,Ostrovnoy,68.0531,39.5131,50.32,82,35,4.97,RU,2021-08-01 04:44:42
247,Shenjiamen,29.9576,122.298,81.5,86,85,0.36,CN,2021-08-01 04:44:42
248,Namibe,-15.1961,12.1522,68.41,66,0,7.61,AO,2021-08-01 04:44:42
249,Nome,64.5011,-165.4064,48.27,87,90,9.22,US,2021-08-01 04:44:43
250,Sol-Iletsk,51.1631,54.9918,88.3,35,37,7.34,RU,2021-08-01 04:44:43
251,Zharkent,44.1628,80.0,85.55,20,1,8.77,KZ,2021-08-01 04:44:43
252,Chapais,49.7834,-74.8492,46.18,81,90,3.76,CA,2021-08-01 04:44:44
253,Lerwick,60.1545,-1.1494,50.0,82,80,18.43,GB,2021-08-01 04:44:44
254,Santiago De Cao,-7.9589,-79.2392,64.09,86,60,11.12,PE,2021-08-01 04:44:44
255,Hambantota,6.1241,81.1185,89.94,66,20,18.41,LK,2021-08-01 04:44:45
256,Broken Hill,-31.95,141.4333,58.71,55,40,8.05,AU,2021-08-01 04:44:45
257,Kavaratti,10.5669,72.642,82.36,76,41,14.23,IN,2021-08-01 04:44:45
258,Adrar,20.5022,-10.0711,83.19,56,96,17.05,MR,2021-08-01 04:44:46
259,Ponta Do Sol,32.6667,-17.1,70.72,77,13,8.12,PT,2021-08-01 04:44:46
260,Magaria,12.9983,8.9099,78.12,75,55,12.24,NE,2021-08-01 04:44:47
261,Olafsvik,64.8945,-23.7142,53.24,96,100,5.7,IS,2021-08-01 04:44:47
262,Illapel,-31.6308,-71.1653,58.66,51,46,2.64,CL,2021-08-01 04:44:47
263,Pemangkat,1.1667,108.9667,87.26,65,23,12.55,ID,2021-08-01 04:44:48
264,Praxedis Guerrero,31.3667,-106.0167,86.56,33,4,5.75,MX,2021-08-01 04:44:48
265,Asmara,15.3333,38.9333,60.1,75,100,4.25,ER,2021-08-01 04:44:48
266,Palana,59.1167,159.9667,48.81,63,59,10.78,RU,2021-08-01 04:44:49
267,Chokurdakh,70.6333,147.9167,50.85,50,85,14.36,RU,2021-08-01 04:44:49
268,Bartica,6.4,-58.6167,77.32,99,99,1.34,GY,2021-08-01 04:44:49
269,Houma,29.5958,-90.7195,78.8,94,1,0.0,US,2021-08-01 04:39:58
270,Las Matas De Farfan,18.8731,-71.5166,73.96,87,82,4.45,DO,2021-08-01 04:44:50
271,Sao Joao Da Barra,-21.6403,-41.0511,66.15,59,89,11.07,BR,2021-08-01 04:44:50
272,Shieli,44.1667,66.75,91.42,14,0,23.69,KZ,2021-08-01 04:44:51
273,Pontes E Lacerda,-15.2261,-59.3353,63.84,41,11,2.55,BR,2021-08-01 04:44:51
274,Santa Cruz De La Palma,28.6835,-17.7642,71.74,78,40,18.41,ES,2021-08-01 04:44:51
275,Miami,25.7743,-80.1937,85.01,78,20,5.01,US,2021-08-01 04:42:07
276,Khandbari,27.3747,87.2039,83.17,74,78,5.26,NP,2021-08-01 04:44:52
277,Yamada,39.4667,141.95,77.47,88,95,4.18,JP,2021-08-01 04:44:52
278,Strezhevoy,60.7333,77.5889,64.38,56,8,2.48,RU,2021-08-01 04:44:52
279,Mamallapuram,12.6264,80.1722,89.65,46,99,15.66,IN,2021-08-01 04:44:53
280,Bambous Virieux,-20.3428,57.7575,74.21,68,75,17.27,MU,2021-08-01 04:44:53
281,Pangnirtung,66.1451,-65.7125,45.95,80,53,2.73,CA,2021-08-01 04:44:53
282,Kenitra,34.261,-6.5802,68.85,79,30,3.27,MA,2021-08-01 04:44:54
283,Guane,22.2025,-84.0875,78.94,82,0,0.83,CU,2021-08-01 04:44:54
284,Kenai,60.5544,-151.2583,66.02,69,1,5.75,US,2021-08-01 04:44:54
285,Cabo San Lucas,22.8909,-109.9124,85.6,78,86,1.5,MX,2021-08-01 04:42:40
286,Ankang,32.68,109.0172,95.97,50,0,2.37,CN,2021-08-01 04:44:55
287,Talcahuano,-36.7167,-73.1167,44.28,76,0,6.91,CL,2021-08-01 04:44:55
288,Kasongo-Lunda,-6.4667,16.8167,65.88,46,38,0.56,CD,2021-08-01 04:44:55
289,Manyana,-23.4,21.7167,43.41,56,0,7.02,BW,2021-08-01 04:44:56
290,Manga,11.6636,-1.0731,70.79,94,70,8.08,BF,2021-08-01 04:44:56
291,Pasni,25.2631,63.471,82.36,83,93,12.44,PK,2021-08-01 04:44:56
292,Rincon,32.296,-81.2354,85.86,82,40,12.66,US,2021-08-01 04:44:57
293,Cayenne,4.9333,-52.3333,81.09,84,40,1.14,GF,2021-08-01 04:44:57
294,Avera,33.194,-82.5271,82.27,69,27,6.33,US,2021-08-01 04:44:57
295,Deer Lake,49.1667,-57.4316,57.06,88,90,17.27,CA,2021-08-01 04:43:11
296,Gamba,-2.65,10.0,71.11,86,16,3.02,GA,2021-08-01 04:44:58
297,Manokwari,-0.8667,134.0833,83.32,73,48,1.77,ID,2021-08-01 04:44:58
298,Zheshart,62.0731,49.5733,57.99,90,90,7.47,RU,2021-08-01 04:44:58
299,Tiksi,71.6872,128.8694,46.74,75,41,8.97,RU,2021-08-01 04:44:59
300,Corinto,37.9407,22.9573,89.64,33,0,4.29,GR,2021-08-01 04:44:59
301,Umm Lajj,25.0213,37.2685,88.65,45,100,2.08,SA,2021-08-01 04:44:59
302,Narsaq,60.9167,-46.05,48.42,74,99,3.31,GL,2021-08-01 04:44:59
303,Soligalich,59.0778,42.2864,64.76,67,3,9.08,RU,2021-08-01 04:45:00
304,Roblin,51.23,-101.3565,56.79,55,0,6.46,CA,2021-08-01 04:45:00
305,Vardo,70.3705,31.1107,48.88,91,100,7.78,NO,2021-08-01 04:45:01
306,Yalta,44.5,34.1667,78.62,66,23,3.85,UA,2021-08-01 04:45:01
307,Nemuro,43.3236,145.575,72.03,99,100,14.94,JP,2021-08-01 04:45:01
308,Khanpur,28.6453,70.6567,99.91,40,18,8.14,PK,2021-08-01 04:45:02
309,Kidal,18.4411,1.4078,87.6,43,21,11.18,ML,2021-08-01 04:45:02
310,Nassau,40.7507,-73.5829,71.28,82,1,0.0,US,2021-08-01 04:45:02
311,Meppel,52.6958,6.1944,60.98,95,32,5.79,NL,2021-08-01 04:45:03
312,Yen Bai,21.7,104.8667,79.75,91,100,2.13,VN,2021-08-01 04:42:11
313,Geraldton,-28.7667,114.6,64.13,77,75,21.85,AU,2021-08-01 04:45:03
314,Vila Velha,-20.3297,-40.2925,62.55,94,90,2.3,BR,2021-08-01 04:45:04
315,Port Lavaca,28.615,-96.6261,85.98,83,1,5.75,US,2021-08-01 04:45:04
316,Tautira,-17.7333,-149.15,77.02,64,88,14.2,PF,2021-08-01 04:45:04
317,Karratha,-20.7377,116.8463,73.06,32,1,3.15,AU,2021-08-01 04:45:05
318,Big Spring,32.2504,-101.4787,86.27,55,1,6.91,US,2021-08-01 04:45:05
319,Pouembout,-21.1333,164.9,70.2,53,10,12.1,NC,2021-08-01 04:45:05
320,Malabo,3.75,8.7833,75.06,94,20,6.91,GQ,2021-08-01 04:45:06
321,Krasnoselkup,65.7,82.4667,64.69,46,4,5.08,RU,2021-08-01 04:45:06
322,Mitsamiouli,-11.3847,43.2844,77.02,69,3,12.97,KM,2021-08-01 04:45:06
323,Riviere-Au-Renard,48.9957,-64.3971,59.0,83,73,10.49,CA,2021-08-01 04:45:07
324,Anadyr,64.75,177.4833,50.5,66,40,5.99,RU,2021-08-01 04:45:07
325,Santa Brigida,28.032,-15.5043,67.17,73,20,27.63,ES,2021-08-01 04:45:07
326,Itarema,-2.9248,-39.9167,76.84,82,97,13.22,BR,2021-08-01 04:45:07
327,Saint Anthony,45.0205,-93.218,73.02,57,1,1.01,US,2021-08-01 04:45:08
328,Pombia,45.653,8.6336,67.01,92,75,8.05,IT,2021-08-01 04:45:08
329,Verkhoyansk,67.5447,133.385,73.09,34,9,13.94,RU,2021-08-01 04:45:08
330,Tevaitoa,-16.7833,-151.5,76.82,67,60,14.52,PF,2021-08-01 04:45:09
331,Anacortes,48.5126,-122.6127,71.91,85,40,1.99,US,2021-08-01 04:45:09
332,Poli,-3.3333,36.8,52.07,77,71,6.2,TZ,2021-08-01 04:45:09
333,Seydisehir,37.4193,31.8453,73.6,30,0,3.31,TR,2021-08-01 04:45:10
334,Panama City,8.9936,-79.5197,84.06,86,60,5.53,PA,2021-08-01 04:42:15
335,Broome,42.2506,-75.833,59.58,92,1,5.75,US,2021-08-01 04:45:10
336,Port Hardy,50.6996,-127.4199,59.18,88,1,9.22,CA,2021-08-01 04:45:11
337,Puerto Leguizamo,-0.1934,-74.7819,68.79,88,83,2.55,CO,2021-08-01 04:45:11
338,West Wendover,40.7391,-114.0733,78.01,50,75,19.57,US,2021-08-01 04:45:11
339,Biak,-0.9131,122.8766,82.36,73,33,7.52,ID,2021-08-01 04:45:12
340,Jequie,-13.8575,-40.0836,59.7,98,65,2.57,BR,2021-08-01 04:45:12
341,Gladstone,-23.85,151.25,77.79,57,1,9.22,AU,2021-08-01 04:45:12
342,Brae,60.3964,-1.353,49.91,83,86,18.45,GB,2021-08-01 04:45:13
343,Viedma,-40.8135,-62.9967,40.14,69,0,9.01,AR,2021-08-01 04:45:13
344,Akyab,20.15,92.9,81.32,88,100,11.41,MM,2021-08-01 04:45:13
345,Jasper,37.2001,-94.3502,75.27,90,1,5.75,US,2021-08-01 04:45:15
346,Cabedelo,-6.9811,-34.8339,74.07,83,9,16.6,BR,2021-08-01 04:45:15
347,Kulevcha,46.0303,29.9361,78.69,63,2,6.98,UA,2021-08-01 04:45:16
348,Tuatapere,-46.1333,167.6833,48.81,94,89,2.57,NZ,2021-08-01 04:45:16
349,Bundaberg,-24.85,152.35,77.22,66,0,10.0,AU,2021-08-01 04:45:16
350,Terney,45.0503,136.6092,73.56,82,97,11.72,RU,2021-08-01 04:45:17
351,Aguililla,18.7333,-102.7333,67.3,92,68,4.88,MX,2021-08-01 04:45:17
352,Ilulissat,69.2167,-51.1,46.42,71,82,5.75,GL,2021-08-01 04:45:17
353,Fairbanks,64.8378,-147.7164,77.0,46,1,8.05,US,2021-08-01 04:40:46
354,Kamojima,34.0667,134.35,93.42,55,40,6.64,JP,2021-08-01 04:45:18
355,Evensk,61.95,159.2333,52.12,74,98,1.61,RU,2021-08-01 04:45:18
356,Airai,-8.9266,125.4092,77.45,36,50,4.43,TL,2021-08-01 04:45:19
357,Elizabeth City,36.2946,-76.2511,77.05,94,1,5.75,US,2021-08-01 04:45:19
358,Douglas,41.3,-96.167,74.28,87,1,1.99,US,2021-08-01 04:45:19
359,Urucui,-7.2294,-44.5561,74.28,66,14,11.88,BR,2021-08-01 04:45:19
360,Sao Jose Da Coroa Grande,-8.8978,-35.1478,73.71,87,27,16.55,BR,2021-08-01 04:45:20
361,Ostersund,63.1792,14.6357,51.62,81,90,9.22,SE,2021-08-01 04:45:20
362,Kavieng,-2.5744,150.7967,83.66,68,20,4.56,PG,2021-08-01 04:45:20
363,Villa Maria,-32.4075,-63.2402,44.38,51,0,7.29,AR,2021-08-01 04:45:21
364,Ketchikan,55.3422,-131.6461,63.07,82,1,8.05,US,2021-08-01 04:45:21
365,Fomboni,-12.28,43.7425,76.64,68,6,23.91,KM,2021-08-01 04:45:21
366,Ghanzi,-21.5667,21.7833,44.69,69,0,8.14,BW,2021-08-01 04:45:22
367,Sangar,63.9242,127.4739,83.7,29,1,4.09,RU,2021-08-01 04:45:22
368,Togur,58.3631,82.8265,62.46,80,100,6.29,RU,2021-08-01 04:45:22
369,Abbeville,50.1,1.8333,60.76,96,29,7.92,FR,2021-08-01 04:45:23
370,Vestmannaeyjar,63.4427,-20.2734,53.78,93,100,2.44,IS,2021-08-01 04:45:23
371,Kuito,-12.3833,16.9333,46.36,49,0,3.91,AO,2021-08-01 04:45:23
372,Arcachon,44.5875,-1.0519,57.52,100,84,1.14,FR,2021-08-01 04:45:24
373,Ca Mau,9.1769,105.15,88.59,60,62,12.19,VN,2021-08-01 04:45:24
374,Panaba,21.2833,-88.2667,76.41,87,55,5.86,MX,2021-08-01 04:45:25
375,Kosonsoy,41.2561,71.5508,79.36,18,78,6.4,UZ,2021-08-01 04:45:25
376,Lagoa,39.05,-27.9833,70.16,89,77,13.42,PT,2021-08-01 04:40:56
377,Belyy Yar,53.6039,91.3903,75.09,50,0,4.47,RU,2021-08-01 04:45:25
378,Tenkodogo,11.78,-0.3697,72.46,92,92,9.57,BF,2021-08-01 04:45:26
379,Seydi,39.4816,62.9137,94.15,12,0,16.58,TM,2021-08-01 04:45:26
380,Hay River,60.8156,-115.7999,75.18,64,20,0.0,CA,2021-08-01 04:45:26
381,Coahuayana,18.7333,-103.6833,78.3,87,82,3.29,MX,2021-08-01 04:45:20
382,El Alto,-4.2714,-81.2147,64.9,81,13,15.73,PE,2021-08-01 04:45:27
383,Codrington,-38.2667,141.9667,53.35,74,44,11.65,AU,2021-08-01 04:45:27
384,Lokosovo,61.1333,74.8167,65.03,57,41,7.63,RU,2021-08-01 04:45:27
385,Phalaborwa,-23.943,31.1411,49.28,60,0,4.74,ZA,2021-08-01 04:45:28
386,Hamilton,39.1834,-84.5333,65.95,87,1,0.0,US,2021-08-01 04:42:12
387,Benguela,-12.5763,13.4055,68.79,87,4,2.95,AO,2021-08-01 04:45:28
388,Mishan,45.55,131.8833,88.39,47,75,12.82,CN,2021-08-01 04:45:28
389,Misrikh,27.45,80.5167,86.16,70,77,17.47,IN,2021-08-01 04:45:29
390,Alofi,-19.0595,-169.9187,73.29,100,99,9.22,NU,2021-08-01 04:45:29
391,Burns Lake,54.2331,-125.7533,69.22,48,0,1.57,CA,2021-08-01 04:42:15
392,Xining,36.6167,101.7667,78.73,35,46,3.69,CN,2021-08-01 04:45:30
393,Samarai,-10.6167,150.6667,77.74,66,98,13.85,PG,2021-08-01 04:45:30
394,Guerrero Negro,27.9769,-114.0611,72.19,80,6,12.93,MX,2021-08-01 04:45:30
395,Kirovskiy,45.0917,133.5136,91.76,40,28,9.01,RU,2021-08-01 04:45:31
396,Aguie,13.506,7.7786,77.56,77,56,14.38,NE,2021-08-01 04:45:31
397,Jining,35.405,116.5814,89.74,68,77,7.25,CN,2021-08-01 04:45:31
398,Pucara,-15.9803,-71.4606,34.84,51,9,3.67,PE,2021-08-01 04:45:32
399,Marystown,47.1666,-55.1483,60.85,100,12,3.0,CA,2021-08-01 04:43:08
400,Korla,41.7597,86.1469,82.92,20,19,14.88,CN,2021-08-01 04:45:32
401,Chenzhou,25.8,113.0333,96.21,43,81,5.59,CN,2021-08-01 04:45:33
402,Vila Franca Do Campo,37.7167,-25.4333,68.41,88,99,5.21,PT,2021-08-01 04:45:33
403,Bosansko Grahovo,44.1794,16.3639,70.65,54,6,7.29,BA,2021-08-01 04:45:33
404,The Valley,18.217,-63.0578,82.09,77,0,17.72,AI,2021-08-01 04:45:33
405,Kamenka,51.3223,42.7678,79.14,56,4,1.05,RU,2021-08-01 04:45:34
406,Labuhan,-6.8844,112.2051,87.4,56,12,4.83,ID,2021-08-01 04:45:34
407,Moradabad,28.8333,78.7833,88.56,66,44,3.11,IN,2021-08-01 04:45:34
408,Pafos,34.7667,32.4167,83.98,30,20,3.44,CY,2021-08-01 04:45:35
409,Sistranda,63.7256,8.834,51.91,76,100,10.54,NO,2021-08-01 04:45:35
410,Margate,51.3813,1.3862,60.51,92,51,11.36,GB,2021-08-01 04:45:35
411,Kahului,20.8947,-156.47,80.62,70,20,26.46,US,2021-08-01 04:42:46
412,Sao Geraldo Do Araguaia,-6.4006,-48.555,76.32,45,62,5.39,BR,2021-08-01 04:45:36
413,San Ignacio,17.1561,-89.0714,75.34,100,0,0.0,BZ,2021-08-01 04:45:36
414,Freeport,40.6576,-73.5832,71.58,81,1,3.0,US,2021-08-01 04:41:46
415,Luderitz,-26.6481,15.1594,67.3,27,0,13.91,NA,2021-08-01 04:45:37
416,Russell,32.3502,-85.1999,74.91,88,1,3.44,US,2021-08-01 04:45:37
417,Ingham,42.6,-84.3833,65.97,79,90,3.44,US,2021-08-01 04:45:37
418,Dunedin,-45.8742,170.5036,51.8,86,100,0.29,NZ,2021-08-01 04:45:37
419,San Carlos Del Zulia,9.0,-71.9135,75.63,89,65,6.38,VE,2021-08-01 04:45:38
420,Huarmey,-10.0681,-78.1522,64.24,84,19,7.14,PE,2021-08-01 04:45:38
421,Konin,52.2234,18.2512,61.02,70,95,3.8,PL,2021-08-01 04:45:38
422,Mbanza-Ngungu,-5.25,14.8667,64.22,91,43,5.75,CD,2021-08-01 04:45:39
423,Klyuchi,52.2667,79.1667,84.78,26,34,9.48,RU,2021-08-01 04:45:39
424,Clyde River,70.4692,-68.5914,37.63,93,90,4.61,CA,2021-08-01 04:45:39
425,Mansa,29.9833,75.3833,92.86,55,16,4.18,IN,2021-08-01 04:45:40
426,Tecpan,14.7623,-90.9947,55.36,97,67,4.43,GT,2021-08-01 04:45:40
427,Honningsvag,70.9821,25.9704,45.09,81,100,12.21,NO,2021-08-01 04:45:40
428,Rena,61.1348,11.3641,53.82,95,100,8.88,NO,2021-08-01 04:45:41
429,Mrkonjic Grad,44.4158,17.0861,74.14,59,25,7.2,BA,2021-08-01 04:45:41
430,Leshukonskoye,64.8989,45.7622,59.25,83,86,5.77,RU,2021-08-01 04:45:41
431,Labuan,5.2767,115.2417,95.16,66,20,5.75,MY,2021-08-01 04:45:42
432,Palmer,42.1584,-72.3287,59.04,84,1,0.0,US,2021-08-01 04:45:42
433,Luena,-11.7833,19.9167,46.18,53,10,4.99,AO,2021-08-01 04:45:42
434,Coldstream,55.6511,-2.2529,53.74,91,63,3.76,GB,2021-08-01 04:45:43
435,Tymovskoye,50.8456,142.655,57.43,81,100,2.68,RU,2021-08-01 04:45:43
436,Oranjemund,-28.55,16.4333,65.43,26,1,8.63,NA,2021-08-01 04:45:44
437,Villa Carlos Paz,-31.4241,-64.4978,44.38,39,1,2.86,AR,2021-08-01 04:45:44
438,Oyama,36.3,139.8,95.59,41,5,8.93,JP,2021-08-01 04:45:45
439,Baruun-Urt,46.6806,113.2792,73.87,33,1,8.46,MN,2021-08-01 04:45:45
440,Buraydah,26.326,43.975,82.85,15,1,6.4,SA,2021-08-01 04:45:45
441,Saldanha,-33.0117,17.9442,50.05,85,35,5.73,ZA,2021-08-01 04:45:46
442,Urubicha,-15.3833,-62.95,63.18,53,11,2.71,BO,2021-08-01 04:45:46
443,Holbeach,52.804,0.0144,59.56,87,79,3.0,GB,2021-08-01 04:45:46
444,Boden,65.8252,21.6886,59.0,86,99,2.64,SE,2021-08-01 04:45:47
445,Hirara,24.8,125.2833,84.06,89,75,16.11,JP,2021-08-01 04:45:47
446,Conceicao Do Araguaia,-8.2578,-49.2647,75.33,83,0,0.0,BR,2021-08-01 04:45:47
447,Halifax,44.6453,-63.5724,58.48,84,16,0.0,CA,2021-08-01 04:45:10
448,Opelousas,30.5335,-92.0815,78.93,88,1,3.44,US,2021-08-01 04:45:48
449,Amberley,39.2048,-84.428,64.94,86,1,0.0,US,2021-08-01 04:45:48
450,Gigmoto,13.7796,124.39,90.05,64,94,13.4,PH,2021-08-01 04:45:49
451,Mogok,22.9167,96.5,69.75,94,100,1.99,MM,2021-08-01 04:45:49
452,Innisfail,-17.5333,146.0333,83.88,63,23,6.38,AU,2021-08-01 04:45:49
453,Haines Junction,60.7522,-137.5108,75.15,35,70,4.61,CA,2021-08-01 04:45:50
454,Coihaique,-45.5752,-72.0662,33.75,75,0,4.61,CL,2021-08-01 04:45:50
455,Buala,-8.145,159.5921,78.58,85,100,4.14,SB,2021-08-01 04:45:50
456,Kirakira,-10.4544,161.9205,79.59,72,97,5.48,SB,2021-08-01 04:45:50
457,Sao Miguel Do Iguacu,-25.3481,-54.2378,51.01,70,100,2.57,BR,2021-08-01 04:45:51
458,Aranos,-24.1333,19.1167,45.19,48,0,9.66,NA,2021-08-01 04:45:51
459,Homer,59.6425,-151.5483,66.07,88,20,13.8,US,2021-08-01 04:45:52
460,Hulan Ergi,47.2042,123.6333,69.49,74,93,12.33,CN,2021-08-01 04:45:52
461,Monte Alegre,-2.0078,-54.0692,71.01,95,85,1.66,BR,2021-08-01 04:45:52
462,Fiumicino,41.7675,12.2291,83.48,72,0,4.61,IT,2021-08-01 04:45:53
463,Agirish,61.9247,63.0231,61.16,96,100,8.52,RU,2021-08-01 04:45:53
464,Santiago,-33.4569,-70.6483,58.28,44,33,0.0,CL,2021-08-01 04:41:37
465,Numan,9.4667,12.0333,72.93,92,100,4.65,NG,2021-08-01 04:45:53
466,Vila,42.0304,-8.1588,50.32,94,57,1.28,PT,2021-08-01 04:45:54
467,Teguldet,57.3064,88.1667,65.19,67,100,3.42,RU,2021-08-01 04:45:54
468,Shaowu,27.3409,117.4831,86.25,79,98,1.48,CN,2021-08-01 04:45:54
469,Mormugao,15.4,73.8,81.66,100,75,13.8,IN,2021-08-01 04:45:55
470,Touros,-5.1989,-35.4608,74.3,91,48,13.35,BR,2021-08-01 04:45:55
471,Taoudenni,22.6783,-3.9836,94.71,25,4,9.04,ML,2021-08-01 04:45:55
472,Maunatlala,-22.597,27.6301,47.52,85,0,2.08,BW,2021-08-01 04:45:55
473,Nevers,46.9167,3.3333,50.59,98,84,3.13,FR,2021-08-01 04:45:56
474,Ngerengere,-6.75,38.1167,71.74,72,37,6.29,TZ,2021-08-01 04:45:56
475,Wanning,18.8003,110.3967,92.14,58,100,12.33,CN,2021-08-01 04:45:56
476,Libourne,44.9167,-0.25,57.7,95,97,3.89,FR,2021-08-01 04:45:57
477,Longview,32.5007,-94.7405,84.7,76,1,4.61,US,2021-08-01 04:45:57
478,Khromtau,50.2503,58.4347,88.48,20,2,6.89,KZ,2021-08-01 04:45:57
479,Givors,45.5833,4.7667,59.5,84,99,3.27,FR,2021-08-01 04:45:58
480,Kaeo,-35.1,173.7833,60.33,72,64,1.68,NZ,2021-08-01 04:45:58
481,Jati,24.3539,68.2671,88.48,61,99,26.28,PK,2021-08-01 04:45:58
482,Porto Novo,6.4965,2.6036,78.62,90,58,5.21,BJ,2021-08-01 04:45:59
483,Ubon Ratchathani,15.1667,105.1667,92.01,71,100,13.02,TH,2021-08-01 04:45:59
484,Rancho Palos Verdes,33.7445,-118.387,82.27,70,46,1.99,US,2021-08-01 04:45:59
485,Lethem,3.3803,-59.7968,73.58,92,100,2.8,GY,2021-08-01 04:46:00
486,Fort Frances,48.5999,-93.4003,59.05,75,1,0.0,CA,2021-08-01 04:46:00
487,Sola,-13.8833,167.55,76.41,66,68,11.45,VU,2021-08-01 04:46:00
488,Camabatela,-8.1881,15.375,58.91,58,0,3.24,AO,2021-08-01 04:46:00
489,Abilene,32.4487,-99.7331,85.87,54,1,10.36,US,2021-08-01 04:45:28
490,Ust-Charyshskaya Pristan,52.3934,83.6635,80.08,31,65,3.91,RU,2021-08-01 04:46:01
491,Yenagoa,4.9247,6.2642,73.8,92,97,3.76,NG,2021-08-01 04:46:01
492,Hargeysa,9.56,44.065,70.99,50,58,29.95,SO,2021-08-01 04:46:02
493,Aloleng,16.1307,119.7824,83.23,82,100,21.16,PH,2021-08-01 04:46:02
494,Arlit,18.7369,7.3853,87.37,46,53,5.19,NE,2021-08-01 04:46:02
495,Cozumel,20.5083,-86.9458,84.11,85,86,9.66,MX,2021-08-01 04:46:03
496,Manaus,-3.1019,-60.025,82.89,74,0,5.75,BR,2021-08-01 04:43:59
497,Sao Lourenco,-22.1164,-45.0544,48.38,88,53,2.66,BR,2021-08-01 04:43:07
498,Kerteminde,55.449,10.6577,59.34,74,100,15.43,DK,2021-08-01 04:46:03
499,Praia,14.9215,-23.5087,75.74,83,75,11.5,CV,2021-08-01 04:46:04
500,Makaryev,57.8797,43.8069,68.09,61,7,9.28,RU,2021-08-01 04:46:04
501,Tadine,-21.55,167.8833,69.35,56,0,18.68,NC,2021-08-01 04:46:04
502,Chippewa Falls,44.9369,-91.3929,65.97,91,1,0.0,US,2021-08-01 04:45:01
503,Sheksna,59.21,38.5107,62.56,62,6,7.81,RU,2021-08-01 04:46:05
504,Taikang,46.8333,124.4167,67.21,81,98,12.26,CN,2021-08-01 04:46:05
505,Ixtapa,20.7,-105.2,82.22,88,96,1.83,MX,2021-08-01 04:46:05
506,Maua,-23.6678,-46.4614,52.36,84,99,4.41,BR,2021-08-01 04:44:40
507,Aleksandrov Gay,50.147,48.5704,87.46,25,93,6.42,RU,2021-08-01 04:46:06
508,Marzuq,14.4,46.4667,81.7,50,55,3.96,YE,2021-08-01 04:46:06
509,Kununurra,-15.7667,128.7333,93.18,24,61,6.91,AU,2021-08-01 04:45:44
510,Donegal,54.65,-8.1167,54.37,71,99,8.43,IE,2021-08-01 04:46:07
511,Verkhnevilyuysk,63.4453,120.3167,84.27,27,0,4.23,RU,2021-08-01 04:46:07
512,Cabadiangan,9.7531,122.4739,85.96,74,75,14.47,PH,2021-08-01 04:46:08
513,Riyadh,24.6877,46.7219,98.65,11,0,5.75,SA,2021-08-01 04:42:41
514,Amga,60.8953,131.9608,83.46,29,16,1.5,RU,2021-08-01 04:46:08
515,Kwinana,-32.25,115.7667,59.23,67,100,41.2,AU,2021-08-01 04:41:30
516,Mezen,65.8522,44.24,51.75,90,100,7.76,RU,2021-08-01 04:46:09
517,Clarence Town,-32.5833,151.7833,77.86,45,6,9.06,AU,2021-08-01 04:46:09
518,Asilah,35.465,-6.0348,69.66,69,100,2.44,MA,2021-08-01 04:46:09
519,Lazaro Cardenas,17.9583,-102.2,78.75,86,48,3.91,MX,2021-08-01 04:46:10
520,Kathmandu,27.7167,85.3167,80.82,78,75,4.61,NP,2021-08-01 04:46:10
521,Padang,-0.9492,100.3543,87.85,82,84,5.68,ID,2021-08-01 04:46:10
522,Noumea,-22.2763,166.4572,73.0,97,32,12.15,NC,2021-08-01 04:45:41
523,Stykkisholmur,65.0757,-22.7297,53.58,92,97,5.93,IS,2021-08-01 04:46:11
524,Suntar,62.1444,117.6319,84.13,24,10,8.39,RU,2021-08-01 04:46:11
525,Camacha,33.0833,-16.3333,67.42,68,75,13.8,PT,2021-08-01 04:46:12
526,Waingapu,-9.6567,120.2641,86.5,56,5,15.66,ID,2021-08-01 04:46:12
527,Lexington,37.9887,-84.4777,68.14,82,75,8.05,US,2021-08-01 04:44:56
528,Auki,-8.7676,160.7034,80.33,79,100,7.45,SB,2021-08-01 04:46:13
529,Tiassale,5.8983,-4.8283,71.04,99,92,2.06,CI,2021-08-01 04:46:13
530,Misratah,32.3754,15.0925,83.8,53,0,3.2,LY,2021-08-01 04:46:13
531,Opunake,-39.4556,173.8583,53.62,75,100,4.45,NZ,2021-08-01 04:46:14
532,Nelson Bay,-32.7167,152.15,78.01,55,3,14.52,AU,2021-08-01 04:46:14
533,Lakes Entrance,-37.8811,147.981,60.19,55,47,10.25,AU,2021-08-01 04:43:03
534,Marsh Harbour,26.5412,-77.0636,83.08,76,19,11.81,BS,2021-08-01 04:46:15
535,Kamaishi,39.2667,141.8833,77.95,86,97,4.92,JP,2021-08-01 04:46:15
536,Kasempa,-13.4584,25.8338,52.21,80,0,7.9,ZM,2021-08-01 04:46:16
537,Baicheng,45.6167,122.8167,74.34,69,94,7.61,CN,2021-08-01 04:46:16
538,Assiniboia,49.6334,-105.9845,71.51,37,0,6.91,CA,2021-08-01 04:46:16
539,Makat,47.6469,53.3463,94.1,11,15,2.73,KZ,2021-08-01 04:46:17
540,Bukachacha,52.9833,116.9167,69.55,43,39,3.27,RU,2021-08-01 04:46:17
541,Pyapon,16.2833,95.6833,79.12,87,100,9.78,MM,2021-08-01 04:46:17
542,Spalene Porici,49.6137,13.6056,58.51,92,100,1.86,CZ,2021-08-01 04:46:18
543,Pierre,44.3683,-100.351,72.28,73,1,5.01,US,2021-08-01 04:46:18
544,Teseney,15.11,36.6575,73.22,79,100,7.83,ER,2021-08-01 04:46:18
545,Trenton,40.217,-74.7429,69.85,79,1,0.0,US,2021-08-01 04:44:56
546,Cap Malheureux,-19.9842,57.6142,74.46,64,2,7.0,MU,2021-08-01 04:46:19
547,Aksarka,66.5606,67.7975,60.51,58,100,11.14,RU,2021-08-01 04:46:19
548,Sao Domingos,-13.3983,-46.3183,65.5,67,45,15.88,BR,2021-08-01 04:46:20
549,Faya,18.3851,42.4509,63.12,57,27,7.07,SA,2021-08-01 04:46:20
550,Shirpur,21.35,74.8833,85.46,64,99,24.81,IN,2021-08-01 04:46:20
551,Dicabisagan,17.0818,122.4157,91.89,58,100,4.74,PH,2021-08-01 04:46:21
552,Vanimo,-2.6741,141.3028,83.86,75,21,7.11,PG,2021-08-01 04:46:21
553,Nacala,-14.5428,40.6728,69.04,86,26,9.48,MZ,2021-08-01 04:46:22
554,Jinchang,38.4953,102.1739,85.82,21,84,14.27,CN,2021-08-01 04:46:22
555,Bugama,4.7341,6.8635,74.79,91,99,4.65,NG,2021-08-01 04:46:22
556,Xichang,27.8964,102.2634,80.78,50,0,2.84,CN,2021-08-01 04:46:23
557,Ayagoz,47.9714,80.4392,81.1,18,14,3.2,KZ,2021-08-01 04:46:23
558,Aswan,24.0934,32.907,92.8,16,85,3.31,EG,2021-08-01 04:46:24
559,Ilhabela,-23.7781,-45.3581,59.79,86,100,3.2,BR,2021-08-01 04:46:24
560,Leh,34.1667,77.5833,66.29,48,66,4.68,IN,2021-08-01 04:46:24
561,Cabatuan,10.8794,122.486,88.45,65,68,15.1,PH,2021-08-01 04:46:25
562,Eyl,7.9803,49.8164,81.9,49,99,23.89,SO,2021-08-01 04:46:25
563,Tocopilla,-22.092,-70.1979,62.01,70,6,6.73,CL,2021-08-01 04:41:53
564,Tahe,52.3333,124.7333,52.02,96,100,4.92,CN,2021-08-01 04:46:26
565,Maldonado,-34.6667,-54.9167,43.23,83,6,4.27,UY,2021-08-01 04:45:26
566,Manggar,-2.8833,108.2667,85.91,62,33,12.75,ID,2021-08-01 04:46:26
567,Carazinho,-28.2839,-52.7864,45.7,75,100,6.11,BR,2021-08-01 04:46:27
568,Birjand,32.8663,59.2211,77.47,14,0,9.22,IR,2021-08-01 04:46:27
569,Panguipulli,-39.6333,-72.3333,36.61,90,17,3.27,CL,2021-08-01 04:46:27
570,Antalaha,-14.9003,50.2788,71.35,71,34,8.93,MG,2021-08-01 04:46:28
571,Gushikawa,26.3544,127.8686,89.19,68,75,17.27,JP,2021-08-01 04:46:28
572,Iwaki,37.05,140.8833,90.21,73,23,5.01,JP,2021-08-01 04:46:29
573,Koygorodok,60.445,50.9968,64.08,72,10,10.47,RU,2021-08-01 04:46:29
574,Ciudad Bolivar,8.1222,-63.5497,77.04,86,97,4.34,VE,2021-08-01 04:46:29
575,Rochegda,62.8,43.25,59.25,89,63,5.7,RU,2021-08-01 04:46:30
