City_ID,City,Lat,Lng,Current Weather,Max Temp,Humidity,Cloudiness,Wind Speed,Country,Date
0,Arlit,18.7369,7.3853,scattered clouds,97.61,26,28,10.11,NE,2021-08-01 18:58:41
1,Mataura,-46.1927,168.8643,broken clouds,39.47,98,64,3.74,NZ,2021-08-01 18:54:59
2,Kapaa,22.0752,-159.319,light rain,80.58,83,93,1.01,US,2021-08-01 18:58:14
3,Ushuaia,-54.8,-68.3,clear sky,46.06,61,0,5.75,AR,2021-08-01 18:55:05
4,Skibbereen,51.55,-9.2667,overcast clouds,62.4,66,99,11.3,IE,2021-08-01 19:04:01
5,Albany,42.6001,-73.9662,light rain,76.39,66,55,8.1,US,2021-08-01 18:55:23
6,Mandera,3.9366,41.867,overcast clouds,82.85,48,95,21.9,KE,2021-08-01 19:02:17
7,Tadine,-21.55,167.8833,broken clouds,66.78,56,61,12.1,NC,2021-08-01 19:04:02
8,Saskylakh,71.9167,114.0833,clear sky,65.25,49,0,5.37,RU,2021-08-01 19:02:53
9,Jemnice,49.019,15.5699,overcast clouds,61.95,89,100,8.9,CZ,2021-08-01 19:04:02
10,Ghanzi,-21.5667,21.7833,clear sky,57.4,38,0,8.03,BW,2021-08-01 19:04:03
11,Dawei,14.0833,98.2,moderate rain,76.91,92,100,7.72,MM,2021-08-01 19:04:03
12,Ochakiv,46.6128,31.5498,clear sky,77.14,67,0,10.65,UA,2021-08-01 19:04:04
13,Avarua,-21.2078,-159.775,light rain,77.05,78,75,21.85,CK,2021-08-01 18:58:29
14,Marawi,7.9986,124.2928,overcast clouds,71.65,94,100,3.78,PH,2021-08-01 18:54:09
15,Khorramshahr,30.4397,48.1664,clear sky,103.12,10,0,4.41,IR,2021-08-01 19:04:04
16,Upernavik,72.7868,-56.1549,scattered clouds,44.2,75,33,13.2,GL,2021-08-01 18:58:53
17,Ixtapa,20.7,-105.2,clear sky,90.23,70,3,5.01,MX,2021-08-01 18:53:46
18,Punta Arenas,-53.15,-70.9167,broken clouds,46.51,66,75,14.97,CL,2021-08-01 18:58:09
19,Vrangel,42.7297,133.0839,light rain,71.2,89,100,17.02,RU,2021-08-01 19:04:05
20,Peruibe,-24.32,-46.9983,broken clouds,64.22,82,84,3.89,BR,2021-08-01 19:03:31
21,Taoudenni,22.6783,-3.9836,overcast clouds,105.64,17,100,9.6,ML,2021-08-01 18:59:33
22,Jamestown,42.097,-79.2353,overcast clouds,69.39,93,100,4.0,US,2021-08-01 18:58:09
23,Havre-Saint-Pierre,50.2334,-63.5986,broken clouds,61.39,74,61,19.98,CA,2021-08-01 19:04:06
24,Busselton,-33.65,115.3333,overcast clouds,52.56,76,100,8.21,AU,2021-08-01 18:58:16
25,Salalah,17.0151,54.0924,overcast clouds,75.63,95,100,4.52,OM,2021-08-01 19:00:21
26,Chumphon,10.3333,98.8333,overcast clouds,73.74,93,100,8.32,TH,2021-08-01 19:04:06
27,College,64.8569,-147.8028,overcast clouds,70.09,70,100,1.68,US,2021-08-01 19:03:09
28,Vaini,-21.2,-175.2,light rain,71.76,83,75,21.85,TO,2021-08-01 18:58:16
29,Rikitea,-23.1203,-134.9692,overcast clouds,69.33,59,100,23.89,PF,2021-08-01 18:54:58
30,Hermanus,-34.4187,19.2345,overcast clouds,57.9,80,97,7.27,ZA,2021-08-01 18:54:11
31,Oranjemund,-28.55,16.4333,clear sky,58.93,65,1,8.08,NA,2021-08-01 19:03:29
32,Honningsvag,70.9821,25.9704,light rain,44.35,93,75,12.66,NO,2021-08-01 19:04:07
33,Port Elizabeth,-33.918,25.5701,scattered clouds,59.29,82,40,27.63,ZA,2021-08-01 18:58:39
34,Kodiak,57.79,-152.4072,haze,58.51,82,75,5.75,US,2021-08-01 18:58:47
35,Arraial Do Cabo,-22.9661,-42.0278,few clouds,78.76,68,20,18.41,BR,2021-08-01 18:58:26
36,Djibo,14.1022,-1.6306,scattered clouds,90.36,41,37,9.33,BF,2021-08-01 18:54:39
37,New Norfolk,-42.7826,147.0587,few clouds,37.71,83,15,2.24,AU,2021-08-01 18:58:18
38,Novikovo,51.1537,37.8879,clear sky,75.24,50,4,4.5,RU,2021-08-01 19:04:08
39,Lavrentiya,65.5833,-171.0,overcast clouds,40.28,88,100,11.12,RU,2021-08-01 19:03:07
40,Faya,18.3851,42.4509,overcast clouds,66.72,68,95,6.08,SA,2021-08-01 19:04:08
41,Joshimath,30.5667,79.5667,overcast clouds,72.43,88,96,0.67,IN,2021-08-01 19:04:09
42,Chokurdakh,70.6333,147.9167,few clouds,34.34,81,19,6.13,RU,2021-08-01 18:59:10
43,Gogrial,8.5332,28.1004,light rain,72.32,93,99,2.89,SS,2021-08-01 19:04:09
44,Mar Del Plata,-38.0023,-57.5575,few clouds,55.09,29,20,3.0,AR,2021-08-01 18:58:23
45,Dikson,73.5069,80.5464,overcast clouds,39.36,98,97,4.52,RU,2021-08-01 18:54:52
46,Bredasdorp,-34.5322,20.0403,broken clouds,56.52,72,80,6.91,ZA,2021-08-01 18:58:23
47,Tiksi,71.6872,128.8694,clear sky,43.81,79,8,5.64,RU,2021-08-01 18:58:33
48,Lazaro Cardenas,17.9583,-102.2,few clouds,88.27,64,11,4.9,MX,2021-08-01 18:59:48
49,Bay Roberts,47.5999,-53.2648,few clouds,73.65,59,13,10.0,CA,2021-08-01 19:04:10
50,Puerto Ayora,-0.7393,-90.3518,scattered clouds,76.96,87,50,8.01,EC,2021-08-01 18:58:24
51,Kysyl-Syr,63.8986,122.7617,overcast clouds,61.63,71,88,4.12,RU,2021-08-01 19:04:11
52,Barrow,71.2906,-156.7887,overcast clouds,44.46,85,100,18.37,US,2021-08-01 18:55:09
53,Cockburn Town,21.4612,-71.1419,overcast clouds,82.44,80,98,19.73,TC,2021-08-01 19:04:11
54,Gidole,5.65,37.3667,scattered clouds,58.66,59,44,1.23,ET,2021-08-01 19:04:11
55,Sao Filipe,14.8961,-24.4956,few clouds,76.23,76,17,9.82,CV,2021-08-01 18:59:27
56,Georgetown,5.4112,100.3354,few clouds,76.95,92,20,3.44,MY,2021-08-01 18:57:15
57,Severo-Kurilsk,50.6789,156.125,clear sky,52.14,82,0,16.69,RU,2021-08-01 18:58:11
58,Yellowknife,62.456,-114.3525,few clouds,85.32,30,20,3.0,CA,2021-08-01 18:58:29
59,Airai,-8.9266,125.4092,scattered clouds,55.78,85,28,2.77,TL,2021-08-01 18:58:47
60,Toppenish,46.3774,-120.3087,overcast clouds,90.36,57,100,1.34,US,2021-08-01 19:04:05
61,Tuktoyaktuk,69.4541,-133.0374,broken clouds,71.6,56,75,17.27,CA,2021-08-01 18:58:19
62,Nkhotakota,-12.9274,34.2961,overcast clouds,69.89,62,91,4.74,MW,2021-08-01 19:04:13
63,General Roca,-39.0333,-67.5833,clear sky,62.91,33,0,13.71,AR,2021-08-01 19:04:13
64,Victoria,22.2855,114.1577,overcast clouds,85.32,88,99,1.99,HK,2021-08-01 18:59:44
65,Cape Town,-33.9258,18.4232,clear sky,58.12,75,0,1.01,ZA,2021-08-01 18:54:56
66,Saint-Philippe,-21.3585,55.7679,scattered clouds,69.35,75,43,11.83,RE,2021-08-01 18:58:26
67,Norman Wells,65.282,-126.8329,clear sky,77.04,41,1,6.91,CA,2021-08-01 18:58:26
68,Terrace,54.5163,-128.6035,scattered clouds,79.07,62,33,1.77,CA,2021-08-01 19:00:28
69,Riyadh,24.6877,46.7219,clear sky,98.55,9,3,5.03,SA,2021-08-01 19:01:07
70,Ahipara,-35.1667,173.1667,broken clouds,55.02,88,71,7.72,NZ,2021-08-01 18:59:38
71,Castro,-24.7911,-50.0119,broken clouds,57.2,63,69,4.07,BR,2021-08-01 18:55:36
72,Pasinler,39.9803,41.6764,overcast clouds,67.19,64,100,2.8,TR,2021-08-01 19:04:14
73,Kargasok,59.0556,80.8572,few clouds,51.71,87,24,5.44,RU,2021-08-01 19:04:15
74,Tasiilaq,65.6145,-37.6368,clear sky,43.75,80,3,6.15,GL,2021-08-01 18:59:02
75,Leeton,-34.5667,146.4,clear sky,40.08,86,1,5.14,AU,2021-08-01 19:04:15
76,Butaritari,3.0707,172.7902,few clouds,82.99,69,16,10.02,KI,2021-08-01 18:58:11
77,East London,-33.0153,27.9116,clear sky,56.34,88,0,4.61,ZA,2021-08-01 18:59:07
78,Bluff,-46.6,168.3333,overcast clouds,39.79,89,89,9.06,NZ,2021-08-01 18:58:15
79,Carballo,43.213,-8.691,overcast clouds,64.9,93,100,4.32,ES,2021-08-01 18:55:25
80,Port Blair,11.6667,92.75,heavy intensity rain,81.86,81,100,18.63,IN,2021-08-01 19:03:30
81,Yumen,40.2833,97.2,overcast clouds,70.56,39,100,17.27,CN,2021-08-01 19:03:08
82,Hithadhoo,-0.6,73.0833,overcast clouds,81.45,71,97,5.3,MV,2021-08-01 18:58:13
83,Waddan,29.1614,16.139,clear sky,94.33,11,0,13.18,LY,2021-08-01 19:04:17
84,Te Anau,-45.4167,167.7167,overcast clouds,40.71,92,95,1.3,NZ,2021-08-01 18:55:13
85,Langxiang,46.95,128.8833,light rain,70.43,99,100,1.63,CN,2021-08-01 19:04:17
86,Gravdal,68.1214,13.5031,scattered clouds,47.88,81,40,10.36,NO,2021-08-01 19:04:17
87,Pisco,-13.7,-76.2167,haze,65.01,77,40,9.22,PE,2021-08-01 18:58:36
88,Andrews,32.3187,-102.5457,broken clouds,82.42,61,75,0.0,US,2021-08-01 19:04:18
89,Adre,13.4667,22.2,overcast clouds,68.32,89,100,16.98,TD,2021-08-01 19:04:18
90,Igbo Ora,7.4333,3.2833,light rain,75.69,82,85,4.88,NG,2021-08-01 19:04:19
91,Khatanga,71.9667,102.5,broken clouds,62.56,67,68,8.55,RU,2021-08-01 18:58:48
92,Vestmannaeyjar,63.4427,-20.2734,mist,52.79,100,90,9.22,IS,2021-08-01 18:59:40
93,Reconquista,-29.15,-59.65,clear sky,69.44,31,0,5.23,AR,2021-08-01 19:04:19
94,Florenville,49.6998,5.3074,overcast clouds,61.11,93,92,3.42,BE,2021-08-01 19:04:20
95,Praia Da Vitoria,38.7333,-27.0667,overcast clouds,77.76,87,98,18.5,PT,2021-08-01 19:04:20
96,Prince Albert,53.2001,-105.7677,overcast clouds,87.6,21,100,3.89,CA,2021-08-01 19:01:06
97,Ust-Tsilma,65.441,52.1498,broken clouds,51.78,90,52,2.15,RU,2021-08-01 19:04:21
98,Mumford,5.2618,-0.759,clear sky,75.99,88,10,8.39,GH,2021-08-01 18:54:29
99,Praia,14.9215,-23.5087,scattered clouds,81.14,54,40,13.8,CV,2021-08-01 19:04:21
100,Cidreira,-30.1811,-50.2056,overcast clouds,59.74,76,92,8.28,BR,2021-08-01 18:58:17
101,Ugoofaaru,5.6667,73.0,overcast clouds,82.89,73,100,12.84,MV,2021-08-01 18:56:40
102,Clyde River,70.4692,-68.5914,overcast clouds,39.51,87,100,6.08,CA,2021-08-01 19:03:11
103,Coihaique,-45.5752,-72.0662,broken clouds,47.37,80,58,12.06,CL,2021-08-01 19:04:22
104,Madona,56.8533,26.217,overcast clouds,61.45,81,100,5.06,LV,2021-08-01 19:04:22
105,Rocky Mountain House,52.3668,-114.9188,overcast clouds,91.94,22,87,10.25,CA,2021-08-01 19:04:22
106,Bathsheba,13.2167,-59.5167,clear sky,83.82,68,4,11.54,BB,2021-08-01 19:03:36
107,Kirakira,-10.4544,161.9205,overcast clouds,73.89,85,100,7.94,SB,2021-08-01 18:56:52
108,Sambava,-14.2667,50.1667,light rain,68.95,90,85,12.19,MG,2021-08-01 19:04:23
109,Aneho,6.2333,1.6,scattered clouds,77.29,82,28,10.54,TG,2021-08-01 19:04:23
110,Mayo,38.8876,-76.5119,moderate rain,78.42,91,90,3.0,US,2021-08-01 19:03:06
111,Hami,42.8,93.45,broken clouds,69.06,45,80,8.16,CN,2021-08-01 19:03:05
112,Sinnamary,5.3833,-52.95,broken clouds,81.36,78,54,9.15,GF,2021-08-01 19:04:24
113,Sartell,45.6216,-94.2069,scattered clouds,79.45,39,40,3.0,US,2021-08-01 19:04:24
114,Hilo,19.7297,-155.09,overcast clouds,76.62,89,93,9.08,US,2021-08-01 18:58:22
115,Lebu,-37.6167,-73.65,clear sky,54.34,67,6,17.74,CL,2021-08-01 18:58:27
116,Sembakung,3.8167,117.25,moderate rain,73.29,99,100,2.42,ID,2021-08-01 19:04:24
117,Kenora,49.8167,-94.4337,smoke,74.59,43,75,10.36,CA,2021-08-01 18:56:24
118,Camocim,-2.9022,-40.8411,overcast clouds,88.45,48,87,11.65,BR,2021-08-01 19:04:25
119,Tarnogskiy Gorodok,60.4997,43.5761,overcast clouds,60.1,98,100,7.07,RU,2021-08-01 19:04:25
120,Ntcheu,-14.8203,34.6359,overcast clouds,61.7,57,98,4.61,MW,2021-08-01 19:04:26
121,Pahrump,36.2083,-115.9839,clear sky,94.44,31,4,3.0,US,2021-08-01 19:04:26
122,Starokostyantyniv,49.7576,27.2034,clear sky,71.2,68,7,9.35,UA,2021-08-01 19:04:26
123,Tiarei,-17.5333,-149.3333,scattered clouds,78.82,63,26,9.33,PF,2021-08-01 19:04:26
124,Luena,-11.7833,19.9167,clear sky,60.76,37,0,3.44,AO,2021-08-01 19:04:15
125,Hobart,-42.8794,147.3294,few clouds,38.05,87,11,1.99,AU,2021-08-01 18:57:14
126,Russell,32.3502,-85.1999,few clouds,94.28,49,20,6.91,US,2021-08-01 19:04:27
127,Colac,-38.3333,143.5833,few clouds,44.62,93,15,4.47,AU,2021-08-01 19:04:27
128,Newport,51.5877,-2.9984,broken clouds,67.68,70,82,4.59,GB,2021-08-01 18:55:07
129,Mochumi,-6.5469,-79.8631,clear sky,69.58,54,6,15.14,PE,2021-08-01 19:04:28
130,Souillac,-20.5167,57.5167,light rain,71.98,68,75,13.8,MU,2021-08-01 18:58:20
131,Zhigansk,66.7697,123.3711,scattered clouds,60.69,73,48,11.34,RU,2021-08-01 19:04:28
132,Port Alfred,-33.5906,26.891,few clouds,61.83,74,19,25.86,ZA,2021-08-01 18:54:11
133,Broome,42.2506,-75.833,overcast clouds,76.35,54,90,3.0,US,2021-08-01 18:59:29
134,Tuatapere,-46.1333,167.6833,overcast clouds,39.81,94,100,5.84,NZ,2021-08-01 18:58:20
135,Ostrovnoy,68.0531,39.5131,few clouds,49.12,83,15,8.61,RU,2021-08-01 19:03:23
136,Longyearbyen,78.2186,15.6401,light rain,46.24,71,75,16.11,SJ,2021-08-01 18:58:59
137,Corinto,37.9407,22.9573,clear sky,93.63,45,0,4.43,GR,2021-08-01 19:01:18
138,Iqaluit,63.7506,-68.5145,light rain,55.13,67,90,4.61,CA,2021-08-01 18:57:34
139,Gainesville,29.6516,-82.3248,scattered clouds,89.6,74,40,5.75,US,2021-08-01 19:03:13
140,Plettenberg Bay,-34.0527,23.3716,few clouds,56.75,87,19,10.71,ZA,2021-08-01 19:04:30
141,Christchurch,-43.5333,172.6333,broken clouds,51.91,87,75,7.0,NZ,2021-08-01 19:04:30
142,Blythe,33.6103,-114.5964,clear sky,107.04,18,1,4.61,US,2021-08-01 19:03:19
143,Galesong,-5.3166,119.3661,broken clouds,77.02,82,80,4.83,ID,2021-08-01 19:04:31
144,Reichenau,50.9075,14.9563,overcast clouds,61.88,91,100,3.27,PL,2021-08-01 19:04:31
145,Shache,38.4167,77.2406,overcast clouds,76.78,40,100,11.56,CN,2021-08-01 19:03:50
146,Nikolskoye,59.7035,30.7861,clear sky,64.4,69,6,9.13,RU,2021-08-01 18:58:08
147,Moose Factory,51.2585,-80.6094,scattered clouds,63.52,53,33,9.37,CA,2021-08-01 19:04:31
148,Pevek,69.7008,170.3133,overcast clouds,33.12,98,100,12.06,RU,2021-08-01 18:59:23
149,Solnechnyy,50.7214,136.6319,overcast clouds,51.39,97,93,3.96,RU,2021-08-01 18:56:26
150,The Valley,18.217,-63.0578,scattered clouds,87.66,70,40,13.8,AI,2021-08-01 19:04:32
151,Grand Forks,47.9417,-97.4337,haze,80.53,29,20,4.61,US,2021-08-01 19:04:32
152,Bam,29.106,58.357,clear sky,92.62,13,9,9.8,IR,2021-08-01 19:04:33
153,Uribia,11.7139,-72.266,clear sky,95.27,38,6,21.16,CO,2021-08-01 19:04:33
154,Mulchen,-37.7167,-72.2333,clear sky,64.26,40,6,7.72,CL,2021-08-01 19:04:33
155,Kahului,20.8947,-156.47,few clouds,78.96,81,24,15.86,US,2021-08-01 19:03:23
156,Praya,14.9215,-23.5087,scattered clouds,82.94,51,40,14.97,CV,2021-08-01 18:54:31
157,Bambous Virieux,-20.3428,57.7575,light rain,71.85,68,75,13.8,MU,2021-08-01 18:58:52
158,Kaitangata,-46.2817,169.8464,few clouds,42.64,96,22,4.5,NZ,2021-08-01 18:58:39
159,Acapulco,16.8634,-99.8901,scattered clouds,87.62,66,40,12.66,MX,2021-08-01 19:03:28
160,Arman,59.7,150.1667,clear sky,46.45,63,0,13.06,RU,2021-08-01 19:02:57
161,Mahebourg,-20.4081,57.7,light rain,70.25,75,45,17.58,MU,2021-08-01 19:02:56
162,Paka,4.6374,103.4368,overcast clouds,76.93,100,91,2.3,MY,2021-08-01 18:56:15
163,Valle Nacional,17.7833,-96.3167,broken clouds,88.83,60,67,3.91,MX,2021-08-01 19:04:35
164,Mount Gambier,-37.8333,140.7667,clear sky,41.41,92,0,9.51,AU,2021-08-01 19:02:43
165,Niquero,20.0431,-77.5828,light rain,86.38,70,25,2.35,CU,2021-08-01 19:04:35
166,Kruisfontein,-34.0033,24.7314,overcast clouds,56.88,80,99,22.19,ZA,2021-08-01 18:59:14
167,Yerbogachen,61.2767,108.0108,overcast clouds,60.6,56,100,5.26,RU,2021-08-01 19:04:36
168,Dourbali,11.8091,15.8632,overcast clouds,76.57,84,100,7.45,TD,2021-08-01 19:04:36
169,Luderitz,-26.6481,15.1594,clear sky,67.75,36,0,11.14,NA,2021-08-01 18:59:42
170,Neyyattinkara,8.4,77.0833,overcast clouds,80.46,82,100,11.3,IN,2021-08-01 19:04:36
171,Carnarvon,-24.8667,113.6333,clear sky,58.26,61,0,16.15,AU,2021-08-01 19:02:36
172,Hoquiam,46.9809,-123.8893,overcast clouds,68.43,45,90,16.11,US,2021-08-01 19:04:03
173,Boyolangu,-8.1181,111.8935,scattered clouds,73.47,91,50,6.35,ID,2021-08-01 18:55:01
174,Lianzhou,24.7811,112.3825,light rain,78.6,89,100,1.01,CN,2021-08-01 19:04:37
175,Seoul,37.5683,126.9778,overcast clouds,77.41,93,100,3.36,KR,2021-08-01 19:02:37
176,Ilulissat,69.2167,-51.1,clear sky,50.49,56,0,7.27,GL,2021-08-01 18:58:50
177,Thaba Nchu,-29.2093,26.839,clear sky,45.46,33,7,4.94,ZA,2021-08-01 19:04:38
178,Hasaki,35.7333,140.8333,few clouds,77.29,90,19,7.36,JP,2021-08-01 18:58:44
179,Guye,39.7333,118.4167,clear sky,69.17,90,1,5.46,CN,2021-08-01 19:04:38
180,Jurado,7.1053,-77.7641,light rain,82.13,84,100,7.31,CO,2021-08-01 19:04:38
181,Hobyo,5.3505,48.5268,clear sky,78.35,78,5,24.56,SO,2021-08-01 18:56:09
182,Heyang,26.1011,107.473,light rain,71.01,92,66,1.88,CN,2021-08-01 19:04:39
183,Nakhon Ratchasima,15.0,102.1667,overcast clouds,84.06,92,100,14.05,TH,2021-08-01 19:04:39
184,Panuco,22.05,-98.1667,clear sky,89.78,39,5,7.29,MX,2021-08-01 19:04:40
185,Atuona,-9.8,-139.0333,broken clouds,76.69,72,54,13.24,PF,2021-08-01 18:58:35
186,Mugla,37.2303,28.3557,clear sky,81.27,25,4,5.93,TR,2021-08-01 19:04:40
187,Yulara,-25.2406,130.9889,clear sky,51.75,36,0,9.17,AU,2021-08-01 19:02:45
188,Amapa,1.0,-52.0,few clouds,86.59,54,21,5.44,BR,2021-08-01 19:04:40
189,Syamzha,60.0158,41.0614,overcast clouds,59.31,97,100,6.62,RU,2021-08-01 19:04:41
190,Qaanaaq,77.484,-69.3632,broken clouds,43.12,80,81,1.19,GL,2021-08-01 18:58:23
191,Sao Joao Da Barra,-21.6403,-41.0511,overcast clouds,73.49,60,88,10.31,BR,2021-08-01 18:57:22
192,Coos Bay,43.3665,-124.2179,scattered clouds,69.24,88,40,14.97,US,2021-08-01 19:00:44
193,Westport,41.1415,-73.3579,broken clouds,78.35,57,75,1.01,US,2021-08-01 19:04:42
194,Goderich,43.7501,-81.7165,broken clouds,68.92,77,73,19.51,CA,2021-08-01 19:00:16
195,Salym,60.0625,71.4789,overcast clouds,60.22,99,100,4.54,RU,2021-08-01 19:04:43
196,Banepa,27.6298,85.5214,moderate rain,70.12,94,75,6.91,NP,2021-08-01 19:04:43
197,Kavieng,-2.5744,150.7967,clear sky,81.41,75,2,8.3,PG,2021-08-01 18:58:15
198,Provideniya,64.3833,-173.3,overcast clouds,41.79,90,100,14.0,RU,2021-08-01 19:02:49
199,La Rioja,42.25,-2.5,few clouds,64.18,58,11,3.67,ES,2021-08-01 19:04:44
200,Lasa,46.6166,10.7002,overcast clouds,58.03,97,100,6.35,IT,2021-08-01 18:55:02
201,Hornepayne,49.2138,-84.7705,scattered clouds,67.21,55,32,8.9,CA,2021-08-01 19:04:44
202,Sawakin,19.1059,37.3321,few clouds,97.66,39,13,23.04,SD,2021-08-01 19:04:44
203,Lodwar,3.1191,35.5973,broken clouds,86.83,33,69,3.53,KE,2021-08-01 18:54:26
204,Cayenne,4.9333,-52.3333,few clouds,89.64,78,13,5.99,GF,2021-08-01 18:59:02
205,Saint-Francois,46.4154,3.9054,clear sky,63.84,63,0,5.75,FR,2021-08-01 19:03:05
206,Bandarbeyla,9.4942,50.8122,clear sky,78.06,81,1,27.11,SO,2021-08-01 19:04:45
207,Cyangugu,-2.4846,28.9075,scattered clouds,61.27,65,40,1.74,RW,2021-08-01 19:04:45
208,Perevolotskiy,51.8763,54.1938,broken clouds,76.59,41,52,2.46,RU,2021-08-01 19:04:46
209,Buala,-8.145,159.5921,moderate rain,77.76,86,96,6.06,SB,2021-08-01 18:59:20
210,Namatanai,-3.6667,152.4333,light rain,78.3,84,11,6.55,PG,2021-08-01 19:03:19
211,Tanabe,33.7333,135.3667,broken clouds,78.93,81,77,4.47,JP,2021-08-01 19:04:46
212,Otradnoye,59.7775,30.8181,clear sky,64.56,70,6,9.75,RU,2021-08-01 19:04:46
213,Katsuura,35.1333,140.3,clear sky,80.71,86,1,6.64,JP,2021-08-01 19:03:08
214,Argudan,43.4214,43.9158,overcast clouds,76.08,64,91,7.78,RU,2021-08-01 19:04:47
215,San Cristobal,7.7669,-72.225,scattered clouds,84.38,67,48,8.79,VE,2021-08-01 18:58:54
216,Poronaysk,49.2167,143.1167,scattered clouds,54.9,84,35,3.4,RU,2021-08-01 19:04:47
217,Almaznyy,48.0448,40.045,scattered clouds,80.74,52,35,4.18,RU,2021-08-01 19:04:48
218,Coquimbo,-29.9533,-71.3436,clear sky,62.33,67,0,9.22,CL,2021-08-01 18:58:46
219,Korocha,50.8107,37.1953,broken clouds,81.32,47,82,8.05,RU,2021-08-01 19:04:48
220,Northam,51.0333,-4.2167,clear sky,64.38,79,9,8.43,GB,2021-08-01 19:04:49
221,Fairbanks,64.8378,-147.7164,overcast clouds,70.09,69,100,1.01,US,2021-08-01 18:59:32
222,Ca Mau,9.1769,105.15,broken clouds,78.17,88,57,6.35,VN,2021-08-01 19:04:49
223,Marsh Harbour,26.5412,-77.0636,broken clouds,84.99,70,53,9.08,BS,2021-08-01 19:03:05
224,Petropavlovsk-Kamchatskiy,53.0452,158.6483,fog,46.99,100,0,8.95,RU,2021-08-01 19:04:50
225,Broken Hill,-31.95,141.4333,clear sky,46.11,87,0,10.36,AU,2021-08-01 18:56:12
226,Vanimo,-2.6741,141.3028,light rain,77.22,89,36,4.43,PG,2021-08-01 19:01:17
227,Korla,41.7597,86.1469,overcast clouds,77.81,16,100,4.61,CN,2021-08-01 18:55:26
228,Hofn,64.2539,-15.2082,overcast clouds,54.3,92,100,2.17,IS,2021-08-01 18:59:03
229,Port Moresby,-9.4431,147.1797,few clouds,67.42,94,20,5.75,PG,2021-08-01 18:56:39
230,Ballina,-28.8667,153.5667,few clouds,61.79,87,15,15.14,AU,2021-08-01 19:03:44
231,Itarema,-2.9248,-39.9167,overcast clouds,83.79,61,100,17.38,BR,2021-08-01 18:58:43
232,Kalmunai,7.4167,81.8167,overcast clouds,81.95,71,100,3.87,LK,2021-08-01 18:54:59
233,Malanville,11.8685,3.3899,overcast clouds,81.48,72,93,9.6,BJ,2021-08-01 19:04:51
234,Hambantota,6.1241,81.1185,few clouds,79.14,94,20,6.91,LK,2021-08-01 18:58:55
235,Bengkulu,-3.8004,102.2655,overcast clouds,74.89,89,89,4.99,ID,2021-08-01 18:59:22
236,Cherskiy,68.75,161.3,overcast clouds,35.17,90,96,18.48,RU,2021-08-01 19:02:38
237,Ponta Do Sol,32.6667,-17.1,clear sky,75.7,72,3,4.85,PT,2021-08-01 18:58:34
238,Chuy,-33.6971,-53.4616,scattered clouds,56.35,75,30,5.95,UY,2021-08-01 18:58:32
239,Caravelas,-17.7125,-39.2481,overcast clouds,71.13,55,100,9.78,BR,2021-08-01 18:59:10
240,La Ronge,55.1001,-105.2842,clear sky,79.18,34,5,1.7,CA,2021-08-01 19:03:06
241,Malanje,-9.5402,16.341,clear sky,71.8,26,0,1.79,AO,2021-08-01 19:04:52
242,Batagay-Alyta,67.8006,130.4114,clear sky,54.16,66,5,1.99,RU,2021-08-01 18:55:46
243,Burnie,-41.0667,145.9167,overcast clouds,44.89,78,100,4.45,AU,2021-08-01 18:58:49
244,Sovetskoye,52.2861,85.4131,few clouds,60.48,65,21,6.2,RU,2021-08-01 19:04:53
245,Isangel,-19.55,169.2667,overcast clouds,66.87,70,85,12.64,VU,2021-08-01 19:03:21
246,Sidi Ali,36.0998,0.4206,few clouds,72.93,51,13,3.76,DZ,2021-08-01 19:04:53
247,Esperance,-33.8667,121.9,overcast clouds,51.64,57,93,25.05,AU,2021-08-01 18:58:34
248,Santa Cruz,-17.8,-63.1667,smoke,76.46,21,75,23.02,BO,2021-08-01 18:55:00
249,Muros,42.7762,-9.0603,overcast clouds,65.98,92,100,5.32,ES,2021-08-01 19:02:45
250,Guerrero Negro,27.9769,-114.0611,clear sky,85.44,51,5,9.66,MX,2021-08-01 18:58:37
251,Aklavik,68.2191,-135.0107,overcast clouds,82.31,31,100,10.96,CA,2021-08-01 19:02:51
252,Vallenar,-28.5708,-70.7581,clear sky,86.47,9,0,6.58,CL,2021-08-01 18:56:12
253,Kaifeng,34.7911,114.3483,few clouds,76.33,92,11,10.2,CN,2021-08-01 19:04:54
254,Ciudad Bolivar,8.1222,-63.5497,broken clouds,83.84,70,51,9.78,VE,2021-08-01 19:03:17
255,Tukrah,32.5341,20.5791,clear sky,81.91,69,0,8.72,LY,2021-08-01 19:04:55
256,Porangatu,-13.4408,-49.1486,clear sky,94.14,19,5,8.32,BR,2021-08-01 19:04:55
257,Aswan,24.0934,32.907,clear sky,96.3,13,9,9.17,EG,2021-08-01 19:04:55
258,Izumo,35.3667,132.7667,overcast clouds,76.51,83,100,4.74,JP,2021-08-01 19:04:56
259,Havelock,34.8791,-76.9013,overcast clouds,91.63,89,100,12.88,US,2021-08-01 19:04:57
260,Leningradskiy,69.3833,178.4167,overcast clouds,35.83,96,100,16.37,RU,2021-08-01 19:02:56
261,Olafsvik,64.8945,-23.7142,overcast clouds,53.98,93,100,1.59,IS,2021-08-01 18:59:12
262,Port Hardy,50.6996,-127.4199,clear sky,63.46,75,4,8.43,CA,2021-08-01 19:00:15
263,Senno,59.5336,33.9167,broken clouds,58.26,88,81,5.53,RU,2021-08-01 19:04:58
264,Baruun-Urt,46.6806,113.2792,clear sky,58.15,57,3,6.33,MN,2021-08-01 18:59:54
265,San Policarpo,12.1791,125.5072,overcast clouds,82.9,75,91,11.18,PH,2021-08-01 19:04:58
266,Conde,-7.2597,-34.9075,scattered clouds,80.06,69,40,19.57,BR,2021-08-01 19:04:59
267,Kyra,49.5776,111.9753,broken clouds,52.57,88,84,2.89,RU,2021-08-01 19:04:59
268,Kiunga,-6.1219,141.2906,overcast clouds,72.43,96,96,2.93,PG,2021-08-01 19:04:59
269,Batticaloa,7.7102,81.6924,overcast clouds,81.7,69,100,3.06,LK,2021-08-01 19:05:00
270,Shenjiamen,29.9576,122.298,heavy intensity rain,79.5,91,100,5.01,CN,2021-08-01 18:55:28
271,Benghazi,32.1167,20.0667,clear sky,83.39,67,0,13.47,LY,2021-08-01 19:05:00
272,Krasnokamensk,50.0979,118.0369,broken clouds,56.39,73,54,4.56,RU,2021-08-01 19:05:01
273,Slanic-Moldova,46.2,26.4333,clear sky,73.22,57,0,4.41,RO,2021-08-01 19:05:03
274,Thompson,55.7435,-97.8558,scattered clouds,80.76,39,40,12.66,CA,2021-08-01 18:55:27
275,Kirundo,-2.5833,30.1667,overcast clouds,70.57,43,93,3.85,BI,2021-08-01 19:05:04
276,Saint-Augustin,51.226,-58.6502,overcast clouds,64.63,67,92,21.12,CA,2021-08-01 18:59:57
277,Santa Cruz De Tenerife,28.4682,-16.2546,scattered clouds,77.88,80,40,3.0,ES,2021-08-01 19:05:04
278,Makakilo City,21.3469,-158.0858,scattered clouds,79.68,63,40,16.11,US,2021-08-01 18:59:15
279,Margate,51.3813,1.3862,overcast clouds,61.18,91,100,3.0,GB,2021-08-01 19:05:04
280,Baherden,38.4362,57.4316,few clouds,83.61,12,12,3.49,TM,2021-08-01 19:05:05
281,Acarau,-2.8856,-40.12,overcast clouds,85.32,57,90,17.78,BR,2021-08-01 19:05:05
282,Lata,40.1629,-8.3327,overcast clouds,70.36,89,98,5.35,PT,2021-08-01 18:58:52
283,Grootfontein,-19.5667,18.1167,clear sky,58.51,30,0,6.76,NA,2021-08-01 19:05:05
284,Trat,12.5,102.5,overcast clouds,75.56,95,100,2.44,TH,2021-08-01 19:05:06
285,Adrar,20.5022,-10.0711,scattered clouds,102.09,18,33,8.59,MR,2021-08-01 19:02:19
286,Erzin,36.9559,36.2,clear sky,83.12,69,0,1.66,TR,2021-08-01 19:05:06
287,Maniitsoq,65.4167,-52.9,clear sky,49.8,76,10,7.61,GL,2021-08-01 19:05:07
288,Belmonte,-15.8631,-38.8828,broken clouds,68.5,75,72,15.52,BR,2021-08-01 19:03:03
289,Krasnoselkup,65.7,82.4667,overcast clouds,54.66,71,100,5.46,RU,2021-08-01 19:05:07
290,Excelsior Springs,39.3392,-94.2261,clear sky,85.57,60,0,11.34,US,2021-08-01 19:04:32
291,Lhokseumawe,5.1801,97.1507,overcast clouds,78.22,83,100,3.69,ID,2021-08-01 18:55:32
292,Anloga,5.7947,0.8973,few clouds,77.34,84,20,10.87,GH,2021-08-01 19:05:08
293,Turukhansk,65.8167,87.9833,scattered clouds,53.92,86,31,5.91,RU,2021-08-01 18:59:59
294,Udachnyy,66.4167,112.4,clear sky,63.09,42,2,3.2,RU,2021-08-01 19:05:08
295,Lagunas,-5.2269,-75.6753,broken clouds,82.54,48,83,1.79,PE,2021-08-01 19:05:09
296,Opuwo,-18.0607,13.84,clear sky,65.19,24,0,7.02,NA,2021-08-01 19:02:40
297,Kieta,-6.2167,155.6333,light rain,77.61,84,12,2.51,PG,2021-08-01 19:05:09
298,Copiapo,-27.3667,-70.3333,clear sky,56.89,17,0,7.05,CL,2021-08-01 19:05:10
299,Alofi,-19.0595,-169.9187,few clouds,75.09,88,23,14.97,NU,2021-08-01 18:58:22
300,Ketchikan,55.3422,-131.6461,overcast clouds,67.08,73,100,4.09,US,2021-08-01 19:03:23
301,Avera,33.194,-82.5271,broken clouds,96.91,38,83,14.79,US,2021-08-01 19:03:10
302,Cheremukhovo,60.3484,59.9851,clear sky,55.36,91,0,4.36,RU,2021-08-01 19:05:10
303,Storforshei,66.4043,14.5233,scattered clouds,49.78,62,40,11.5,NO,2021-08-01 19:05:11
304,Saint George,37.1041,-113.5841,clear sky,93.79,34,2,1.01,US,2021-08-01 18:56:52
305,San-Pedro,4.7485,-6.6363,scattered clouds,75.33,87,32,6.2,CI,2021-08-01 19:05:12
306,Nuristan,35.3,70.8333,clear sky,49.48,75,1,3.53,AF,2021-08-01 19:05:12
307,San Quintin,30.4833,-115.95,clear sky,79.36,59,1,12.86,MX,2021-08-01 19:05:12
308,Hashtgerd,35.9642,50.6858,overcast clouds,75.76,53,96,7.23,IR,2021-08-01 19:05:13
309,Noumea,-22.2763,166.4572,broken clouds,68.0,99,81,7.45,NC,2021-08-01 19:05:13
310,Alihe,50.5667,123.7167,clear sky,47.48,97,8,2.48,CN,2021-08-01 19:05:13
311,Muzhi,65.3667,64.6667,scattered clouds,51.58,96,45,3.56,RU,2021-08-01 19:05:14
312,Cabo San Lucas,22.8909,-109.9124,broken clouds,97.81,69,84,1.01,MX,2021-08-01 18:58:53
313,Dukat,62.55,155.55,snow,31.95,97,100,5.53,RU,2021-08-01 19:05:14
314,Lyubinskiy,55.1542,72.6925,overcast clouds,69.48,80,94,5.59,RU,2021-08-01 19:05:14
315,Maldonado,-34.6667,-54.9167,clear sky,50.23,67,6,6.08,UY,2021-08-01 19:05:15
316,Port Lincoln,-34.7333,135.8667,clear sky,52.0,49,5,21.74,AU,2021-08-01 19:00:15
317,Maracacume,-2.0428,-45.9592,overcast clouds,84.13,64,89,2.17,BR,2021-08-01 19:05:15
318,Sugbongcogon,8.9553,124.7853,broken clouds,78.71,81,84,10.0,PH,2021-08-01 19:05:15
319,Los Llanos De Aridane,28.6585,-17.9182,few clouds,67.75,78,20,19.57,ES,2021-08-01 19:03:54
320,San Jose,37.3394,-121.895,few clouds,85.01,53,20,0.0,US,2021-08-01 18:51:29
321,Hervey Bay,-25.2986,152.8535,clear sky,65.01,93,2,3.0,AU,2021-08-01 19:05:16
322,Pyshchug,58.8873,45.7134,overcast clouds,61.36,82,100,5.59,RU,2021-08-01 19:05:17
323,Acari,-15.4311,-74.6158,clear sky,77.88,44,0,9.24,PE,2021-08-01 18:59:37
324,Novyy Urengoy,66.0833,76.6333,overcast clouds,59.36,61,100,11.54,RU,2021-08-01 19:05:17
325,Rocha,-34.4833,-54.3333,clear sky,55.31,72,5,6.96,UY,2021-08-01 19:01:27
326,Yatou,37.15,122.3833,clear sky,72.82,94,0,4.16,CN,2021-08-01 19:05:18
327,Liverpool,53.4106,-2.9779,scattered clouds,64.89,68,40,3.0,GB,2021-08-01 19:04:21
328,Igarka,67.4667,86.5833,overcast clouds,52.88,98,90,5.17,RU,2021-08-01 19:05:18
329,Lagoa,39.05,-27.9833,broken clouds,72.32,94,57,18.1,PT,2021-08-01 19:02:59
330,Saldanha,-33.0117,17.9442,scattered clouds,51.85,90,49,9.57,ZA,2021-08-01 18:59:04
331,Kamaishi,39.2667,141.8833,few clouds,73.89,97,21,7.34,JP,2021-08-01 19:05:19
332,Muscat,23.6139,58.5922,overcast clouds,95.02,46,100,2.44,OM,2021-08-01 19:05:19
333,Bluefields,12.0137,-83.7635,few clouds,83.53,78,21,10.63,NI,2021-08-01 19:05:19
334,Kinablangan,7.6947,126.5503,overcast clouds,79.03,84,99,4.68,PH,2021-08-01 19:05:20
335,Bubaque,11.2833,-15.8333,moderate rain,79.09,83,69,18.07,GW,2021-08-01 19:05:20
336,Ribeira Grande,38.5167,-28.7,broken clouds,73.8,94,75,14.97,PT,2021-08-01 18:58:31
337,Ekibastuz,51.6667,75.3667,clear sky,74.05,48,7,4.05,KZ,2021-08-01 19:05:20
338,Apache Junction,33.4151,-111.5496,clear sky,100.35,33,1,5.01,US,2021-08-01 19:01:25
339,Bereda,43.2686,-7.5406,overcast clouds,63.91,99,94,4.92,ES,2021-08-01 19:05:21
340,Talnakh,69.4865,88.3972,overcast clouds,54.14,92,100,5.32,RU,2021-08-01 18:58:50
341,Sinegorye,62.0788,150.477,light rain,39.27,92,100,11.99,RU,2021-08-01 19:05:21
342,Chingirlau,51.095,54.0814,broken clouds,81.93,37,73,5.1,KZ,2021-08-01 19:05:22
343,Along,28.1667,94.7667,few clouds,73.56,98,23,1.74,IN,2021-08-01 19:05:22
344,Antalaha,-14.9003,50.2788,light rain,67.26,90,100,7.81,MG,2021-08-01 19:05:22
345,Bima,-8.4667,118.7167,scattered clouds,74.01,96,27,4.36,ID,2021-08-01 19:05:23
346,Escanaba,45.7453,-87.0646,overcast clouds,73.96,61,87,4.0,US,2021-08-01 19:00:50
347,Vaitape,-16.5167,-151.75,overcast clouds,76.86,72,93,15.05,PF,2021-08-01 18:56:20
348,Martil,35.6166,-5.2752,overcast clouds,73.38,43,100,7.99,MA,2021-08-01 19:05:23
349,Pierre,44.3683,-100.351,haze,85.28,34,1,1.01,US,2021-08-01 19:05:24
350,Irmo,34.086,-81.1832,few clouds,96.82,47,20,19.57,US,2021-08-01 19:05:24
351,Jiuquan,39.7432,98.5174,overcast clouds,71.67,41,100,13.2,CN,2021-08-01 19:05:24
352,San Luis,-33.295,-66.3356,clear sky,65.35,18,0,11.01,AR,2021-08-01 19:05:24
353,Klaksvik,62.2266,-6.589,broken clouds,49.12,82,56,13.24,FO,2021-08-01 18:58:30
354,Bonthe,7.5264,-12.505,light rain,76.96,85,100,11.14,SL,2021-08-01 19:05:25
355,Iglesias,39.3114,8.535,overcast clouds,76.75,70,99,6.98,IT,2021-08-01 19:05:25
356,Karasburg,-28.0167,18.75,clear sky,60.66,20,0,5.84,NA,2021-08-01 19:05:26
357,Lucapa,-8.4192,20.7447,overcast clouds,71.58,23,100,2.46,AO,2021-08-01 19:05:26
358,Xam Nua,20.4197,104.0439,overcast clouds,68.65,100,100,1.74,LA,2021-08-01 19:05:26
359,Borogontsy,62.6683,131.1683,few clouds,58.23,43,14,5.97,RU,2021-08-01 19:05:27
360,Soyo,-6.1349,12.3689,clear sky,73.06,82,5,9.73,AO,2021-08-01 19:04:15
361,Uyskoye,54.3775,60.0047,overcast clouds,66.24,61,100,4.12,RU,2021-08-01 19:05:27
362,Campbell River,50.0163,-125.2446,few clouds,69.26,57,23,5.75,CA,2021-08-01 19:05:28
363,San Patricio,28.017,-97.5169,overcast clouds,98.02,38,100,12.82,US,2021-08-01 18:58:33
364,Masalli,34.7959,126.6553,few clouds,74.95,90,17,3.53,KR,2021-08-01 19:05:28
365,Stargard Szczecinski,53.3367,15.0499,broken clouds,68.2,84,75,4.68,PL,2021-08-01 19:00:45
366,Mbandaka,0.0487,18.2603,overcast clouds,74.3,69,100,3.94,CD,2021-08-01 19:05:28
367,Havoysund,70.9963,24.6622,light rain,45.48,83,100,7.31,NO,2021-08-01 19:05:29
368,Erenhot,43.6475,111.9767,clear sky,66.45,47,7,8.97,CN,2021-08-01 19:05:29
369,Lorengau,-2.0226,147.2712,overcast clouds,82.18,76,95,9.48,PG,2021-08-01 18:59:18
370,Smithers,54.7804,-127.1743,clear sky,85.84,35,0,1.88,CA,2021-08-01 19:05:30
371,West Bay,19.3667,-81.4167,scattered clouds,90.05,74,40,3.0,KY,2021-08-01 19:05:30
372,Biankouma,7.7391,-7.6138,broken clouds,70.41,94,62,3.36,CI,2021-08-01 19:05:30
373,Chapais,49.7834,-74.8492,overcast clouds,61.99,53,92,10.87,CA,2021-08-01 19:05:30
374,Sabang,5.8933,95.3214,overcast clouds,82.58,73,100,25.05,ID,2021-08-01 19:05:31
375,Hamilton,39.1834,-84.5333,scattered clouds,81.77,66,38,4.0,US,2021-08-01 18:56:17
376,Talara,-4.5772,-81.2719,clear sky,74.16,68,0,18.41,PE,2021-08-01 19:05:31
377,Pittsburg,38.028,-121.8847,clear sky,84.49,47,0,3.0,US,2021-08-01 19:02:12
378,Buluang,13.3068,123.3425,overcast clouds,81.61,81,100,11.86,PH,2021-08-01 19:05:32
379,Seymchan,62.8833,152.4333,overcast clouds,40.21,93,100,10.76,RU,2021-08-01 18:56:45
380,Kyren,51.6828,102.1408,light rain,59.77,99,100,3.78,RU,2021-08-01 18:56:29
381,Altay,47.8667,88.1167,broken clouds,60.15,50,53,3.6,CN,2021-08-01 19:05:32
382,Severnyy,50.677,36.5532,clear sky,82.44,42,0,4.47,RU,2021-08-01 18:56:25
383,Sorland,67.667,12.6934,overcast clouds,49.86,73,91,11.7,NO,2021-08-01 19:05:33
384,Vilyuysk,63.7553,121.6247,overcast clouds,62.1,64,87,5.08,RU,2021-08-01 19:05:33
385,Karratha,-20.7377,116.8463,clear sky,61.74,40,0,12.17,AU,2021-08-01 19:05:33
386,Kissidougou,9.1848,-10.0999,moderate rain,70.88,96,100,4.81,GN,2021-08-01 19:05:34
387,Shar,49.5886,81.0453,clear sky,71.2,34,0,6.6,KZ,2021-08-01 18:56:16
388,Antipino,57.1068,65.7576,clear sky,64.69,93,0,6.51,RU,2021-08-01 19:05:34
389,Rio Branco Do Sul,-25.19,-49.3142,overcast clouds,63.72,62,99,1.86,BR,2021-08-01 19:05:34
390,Mackenzie,55.2999,-123.1698,overcast clouds,89.98,27,100,2.57,CA,2021-08-01 19:05:35
391,Fortuna,40.5982,-124.1573,few clouds,87.42,71,20,3.0,US,2021-08-01 18:58:44
392,Aldan,58.6031,125.3894,heavy intensity rain,53.46,94,100,4.54,RU,2021-08-01 19:05:35
393,Englewood,39.6478,-104.9878,broken clouds,79.99,46,75,1.01,US,2021-08-01 19:04:16
394,Toul,48.6667,5.9167,scattered clouds,68.09,82,35,9.22,FR,2021-08-01 19:05:36
395,Biskupiec,53.8647,20.9569,overcast clouds,62.42,94,100,2.24,PL,2021-08-01 19:05:36
396,Ust-Kut,56.7938,105.7672,clear sky,54.0,62,3,2.1,RU,2021-08-01 19:05:36
397,Road Town,18.4167,-64.6167,clear sky,84.99,77,3,13.53,VG,2021-08-01 19:02:44
398,Geraldton,-28.7667,114.6,scattered clouds,45.01,93,40,9.22,AU,2021-08-01 18:58:58
399,Atar,20.5169,-13.0499,clear sky,101.73,24,6,11.25,MR,2021-08-01 19:02:19
400,Tual,-5.6667,132.75,few clouds,81.48,78,14,12.12,ID,2021-08-01 18:58:38
401,Torbay,47.6666,-52.7314,few clouds,72.88,61,20,24.16,CA,2021-08-01 18:58:36
402,Mehamn,71.0357,27.8492,light rain,49.91,98,100,10.13,NO,2021-08-01 19:05:37
403,Isa Khel,36.6702,68.8443,clear sky,83.52,17,0,3.76,AF,2021-08-01 19:05:38
404,Humaita,-7.5061,-63.0208,clear sky,98.06,20,7,6.42,BR,2021-08-01 19:05:38
405,Daitari,21.1,85.75,overcast clouds,76.24,84,100,7.47,IN,2021-08-01 19:05:38
406,Skarnes,60.2528,11.6797,overcast clouds,59.81,71,100,5.64,NO,2021-08-01 19:05:39
407,Puerto Baquerizo Moreno,-0.9,-89.6,broken clouds,71.78,83,84,13.71,EC,2021-08-01 19:02:50
408,Komsomolskiy,40.4272,71.7189,overcast clouds,83.12,28,100,20.71,UZ,2021-08-01 18:59:09
409,Grand Gaube,-20.0064,57.6608,few clouds,72.0,75,14,7.0,MU,2021-08-01 18:54:26
410,Samarai,-10.6167,150.6667,overcast clouds,75.0,70,99,6.67,PG,2021-08-01 19:05:39
411,Balkanabat,39.5108,54.3671,broken clouds,88.56,15,76,3.58,TM,2021-08-01 19:05:40
412,Taltal,-25.4,-70.4833,few clouds,63.36,70,24,3.87,CL,2021-08-01 19:05:40
413,Vegreville,53.5001,-112.0518,overcast clouds,92.55,22,100,7.58,CA,2021-08-01 19:05:40
414,Artyom,40.4723,50.333,scattered clouds,71.74,69,32,8.59,AZ,2021-08-01 19:05:40
415,Kitimat,54.0524,-128.6534,scattered clouds,79.84,57,28,2.51,CA,2021-08-01 19:02:10
416,Clarence Town,-32.5833,151.7833,overcast clouds,54.86,93,98,2.51,AU,2021-08-01 19:05:41
417,Shellbrook,53.2168,-106.4011,overcast clouds,89.73,20,100,1.19,CA,2021-08-01 19:05:41
418,Srednekolymsk,67.45,153.6833,overcast clouds,37.58,78,100,9.13,RU,2021-08-01 18:59:18
419,Taksimo,56.3444,114.8794,light rain,53.96,96,100,0.54,RU,2021-08-01 19:05:42
420,Natal,-5.795,-35.2094,clear sky,80.98,65,4,18.75,BR,2021-08-01 19:02:18
421,Tuburan,6.6439,122.2736,overcast clouds,81.81,78,98,5.61,PH,2021-08-01 19:05:42
422,Abong Mbang,3.9833,13.1833,light rain,69.17,92,100,2.51,CM,2021-08-01 19:05:43
423,Matamoros,25.5333,-103.25,broken clouds,91.51,33,75,0.0,MX,2021-08-01 19:05:43
424,Klyuchi,52.2667,79.1667,overcast clouds,68.86,51,96,8.59,RU,2021-08-01 19:05:43
425,Tacuarembo,-31.7333,-55.9833,clear sky,60.3,54,0,6.98,UY,2021-08-01 19:02:14
426,Waverly,42.7392,-84.6208,haze,75.0,63,75,13.8,US,2021-08-01 19:05:44
427,Husavik,66.0449,-17.3389,broken clouds,57.11,64,69,6.02,IS,2021-08-01 18:58:24
428,Wanning,18.8003,110.3967,overcast clouds,80.76,89,100,10.45,CN,2021-08-01 19:05:44
429,Codrington,-38.2667,141.9667,clear sky,43.34,89,0,14.2,AU,2021-08-01 19:03:03
430,Bambanglipuro,-7.95,110.2833,few clouds,74.97,87,24,6.55,ID,2021-08-01 19:05:44
431,Pipri,19.8,75.5333,overcast clouds,74.97,81,100,11.43,IN,2021-08-01 19:05:45
432,Bamenda,5.9527,10.1582,light rain,63.5,97,80,2.73,CM,2021-08-01 19:05:45
433,Narsaq,60.9167,-46.05,overcast clouds,61.02,76,100,1.72,GL,2021-08-01 19:02:39
434,Sechura,-5.5569,-80.8222,clear sky,76.89,56,10,14.27,PE,2021-08-01 19:05:46
435,Kropotkin,45.4375,40.5756,overcast clouds,87.04,29,99,2.86,RU,2021-08-01 19:05:46
436,Le Port,-20.9373,55.2919,few clouds,69.76,68,23,7.0,RE,2021-08-01 19:05:46
437,Lexington,37.9887,-84.4777,broken clouds,82.42,48,75,1.01,US,2021-08-01 19:05:47
438,Hede,33.7681,120.2517,clear sky,75.6,97,0,4.94,CN,2021-08-01 19:05:47
439,Karasjok,69.4719,25.5112,overcast clouds,42.91,94,100,20.15,NO,2021-08-01 19:05:47
440,Marang,5.2056,103.2059,overcast clouds,79.05,83,100,2.35,MY,2021-08-01 19:05:48
441,Nisia Floresta,-6.0911,-35.2086,few clouds,81.5,61,16,18.52,BR,2021-08-01 19:01:43
442,Cochrane,51.1834,-114.4687,scattered clouds,94.21,24,47,16.42,CA,2021-08-01 19:05:16
443,Mackay,-21.15,149.2,clear sky,64.04,86,3,3.89,AU,2021-08-01 19:00:15
444,Santa Maria Da Vitoria,-13.3947,-44.1886,overcast clouds,85.24,27,92,9.04,BR,2021-08-01 19:05:48
445,Cap Malheureux,-19.9842,57.6142,few clouds,70.47,76,14,5.99,MU,2021-08-01 19:03:31
446,Moron,-34.6534,-58.6198,clear sky,64.0,51,0,1.83,AR,2021-08-01 19:01:02
447,Penzance,50.1186,-5.5371,broken clouds,60.01,80,78,12.84,GB,2021-08-01 18:56:26
448,Hirara,24.8,125.2833,overcast clouds,80.74,87,100,8.37,JP,2021-08-01 19:05:49
449,Yarmouth,41.7057,-70.2286,clear sky,79.18,56,1,5.01,US,2021-08-01 19:05:49
450,Juneau,58.3019,-134.4197,scattered clouds,69.8,83,40,8.05,US,2021-08-01 19:05:50
451,Mozarlandia,-14.7447,-50.5706,clear sky,96.12,19,7,3.71,BR,2021-08-01 19:05:50
452,Marsa Matruh,31.3525,27.2453,clear sky,82.6,83,0,14.97,EG,2021-08-01 18:59:33
453,Bilma,18.6853,12.9164,clear sky,98.8,9,0,6.11,NE,2021-08-01 19:05:50
454,Mount Isa,-20.7333,139.5,broken clouds,62.37,51,53,0.0,AU,2021-08-01 19:02:48
455,Boden,65.8252,21.6886,overcast clouds,60.8,92,100,4.97,SE,2021-08-01 19:05:51
456,Ouesso,1.6136,16.0517,light rain,72.28,92,100,1.54,CG,2021-08-01 19:05:51
457,Zhangye,38.9342,100.4517,overcast clouds,74.28,42,100,6.29,CN,2021-08-01 19:05:52
458,Ngozi,-2.9075,29.8306,broken clouds,59.27,53,58,2.82,BI,2021-08-01 19:05:52
459,Kavaratti,10.5669,72.642,scattered clouds,82.31,77,37,15.32,IN,2021-08-01 19:03:15
460,Kutum,14.2,24.6667,broken clouds,81.19,50,82,8.61,SD,2021-08-01 18:55:54
461,Lagos,6.5833,3.75,scattered clouds,76.17,87,49,5.32,NG,2021-08-01 19:05:52
462,Berlevag,70.8578,29.0864,clear sky,57.0,93,0,14.97,NO,2021-08-01 19:05:53
463,Lumberton,34.6182,-79.0086,few clouds,97.11,31,11,10.69,US,2021-08-01 19:04:24
464,Helong,42.5397,128.9972,light rain,69.15,99,100,2.15,CN,2021-08-01 19:05:53
465,Konza,-1.7426,37.1294,overcast clouds,61.45,64,99,13.71,KE,2021-08-01 19:05:54
466,Chauk,20.8833,94.8167,overcast clouds,80.74,77,100,12.73,MM,2021-08-01 19:05:54
467,Laguna De Perlas,12.3429,-83.6712,scattered clouds,84.51,73,37,13.11,NI,2021-08-01 19:05:54
468,Rovaniemi,66.5,25.7167,overcast clouds,58.41,94,90,5.75,FI,2021-08-01 19:01:53
469,Teseney,15.11,36.6575,overcast clouds,75.97,74,99,6.69,ER,2021-08-01 19:05:55
470,Scalea,39.813,15.7956,clear sky,89.35,57,7,2.17,IT,2021-08-01 19:05:55
471,Djambala,-2.5447,14.7533,overcast clouds,80.94,39,100,1.88,CG,2021-08-01 19:02:15
472,Bara,10.3744,10.7288,light rain,75.92,83,100,4.99,NG,2021-08-01 19:05:56
473,Asau,46.4333,26.4,clear sky,76.12,84,0,3.67,RO,2021-08-01 19:05:56
474,Najran,17.4924,44.1277,overcast clouds,90.86,24,100,11.45,SA,2021-08-01 19:05:56
475,Kamenka,51.3223,42.7678,broken clouds,76.77,56,67,4.45,RU,2021-08-01 19:05:57
476,Igbon,11.2142,123.1655,overcast clouds,80.56,82,100,19.1,PH,2021-08-01 19:05:57
477,Rzeszow,50.0413,21.999,few clouds,67.91,94,20,8.05,PL,2021-08-01 19:05:57
478,Evensk,61.95,159.2333,moderate rain,43.34,86,100,16.87,RU,2021-08-01 19:05:58
479,Depok,-6.4,106.8186,few clouds,81.64,98,11,1.99,ID,2021-08-01 19:04:31
480,Kudat,6.8837,116.8477,broken clouds,80.56,80,77,10.87,MY,2021-08-01 19:05:58
481,Aksu,41.1231,80.2644,broken clouds,76.86,17,56,2.68,CN,2021-08-01 19:05:58
482,Santa Maria,-29.6842,-53.8069,clear sky,63.52,54,0,3.02,BR,2021-08-01 19:05:59
483,Svetlyy,54.675,20.1347,overcast clouds,64.45,81,100,9.37,RU,2021-08-01 19:05:59
484,Kawambwa,-9.7915,29.0791,broken clouds,64.09,48,54,8.3,ZM,2021-08-01 19:05:59
485,Budogoshch,59.2816,32.4707,clear sky,62.24,73,0,6.15,RU,2021-08-01 19:06:00
486,Saint-Leu,-21.15,55.2833,few clouds,68.83,69,20,2.24,RE,2021-08-01 19:06:00
487,Todos Santos,23.45,-110.2167,scattered clouds,97.3,74,42,8.55,MX,2021-08-01 19:06:01
488,Ler,8.3018,30.1418,overcast clouds,73.36,92,100,0.54,SS,2021-08-01 19:06:01
489,Nouadhibou,20.931,-17.0347,clear sky,75.18,73,0,16.11,MR,2021-08-01 18:59:04
490,Ushtobe,45.2514,77.9838,clear sky,71.44,20,0,8.03,KZ,2021-08-01 19:06:01
491,Virginia Beach,36.8529,-75.978,light rain,79.02,88,100,1.99,US,2021-08-01 19:01:52
492,Saint-Pierre,-21.3393,55.4781,clear sky,69.44,73,0,6.91,RE,2021-08-01 19:06:02
493,Faanui,-16.4833,-151.75,overcast clouds,76.95,72,86,15.14,PF,2021-08-01 19:02:49
494,Porto Santo,33.072,-16.3415,scattered clouds,73.31,68,40,16.11,PT,2021-08-01 19:06:03
495,Moerai,-22.4333,-151.3333,broken clouds,74.08,76,81,20.6,PF,2021-08-01 19:06:03
496,Ambon,-3.6954,128.1814,broken clouds,78.84,83,63,5.46,ID,2021-08-01 19:06:03
497,Calama,-22.4667,-68.9333,overcast clouds,70.29,13,100,20.71,CL,2021-08-01 19:06:04
498,Golden,39.7555,-105.2211,haze,79.38,49,75,1.99,US,2021-08-01 19:06:04
499,Dinghai,26.2847,119.7936,overcast clouds,78.69,87,100,6.26,CN,2021-08-01 19:06:05
500,Changji,44.0167,87.3167,clear sky,70.59,43,0,4.47,CN,2021-08-01 19:06:05
501,Honggang,46.4667,124.8667,moderate rain,62.51,86,100,9.17,CN,2021-08-01 19:06:05
502,Perbaungan,3.5679,98.956,overcast clouds,78.91,84,100,1.92,ID,2021-08-01 19:06:06
503,Meulaboh,4.1363,96.1285,overcast clouds,75.11,89,100,3.24,ID,2021-08-01 18:58:14
504,Auki,-8.7676,160.7034,overcast clouds,75.45,87,100,8.99,SB,2021-08-01 19:06:06
505,Cap-Aux-Meules,47.3821,-61.8597,clear sky,63.32,77,0,16.6,CA,2021-08-01 19:03:44
506,Quatre Cocos,-20.2078,57.7625,light rain,70.09,75,44,17.56,MU,2021-08-01 19:02:40
507,Salta,-24.7859,-65.4117,broken clouds,66.58,29,77,4.0,AR,2021-08-01 19:04:29
508,Laguna,38.421,-121.4238,clear sky,99.14,43,1,3.0,US,2021-08-01 19:04:32
509,Inirida,3.8653,-67.9239,scattered clouds,77.88,91,46,4.85,CO,2021-08-01 19:06:07
510,Kentau,43.5206,68.5094,overcast clouds,82.65,14,91,29.59,KZ,2021-08-01 19:06:08
511,Wagar,16.1525,36.2032,broken clouds,83.39,60,83,13.58,SD,2021-08-01 19:06:08
512,Lapua,62.9693,23.0088,scattered clouds,60.66,95,49,3.87,FI,2021-08-01 19:06:08
513,Shieli,44.1667,66.75,clear sky,82.42,17,0,9.31,KZ,2021-08-01 19:06:09
514,Vila Franca Do Campo,37.7167,-25.4333,broken clouds,72.01,85,54,9.22,PT,2021-08-01 18:58:38
515,Tazovskiy,67.4667,78.7,overcast clouds,53.58,70,100,8.93,RU,2021-08-01 19:06:09
516,Vila Velha,-20.3297,-40.2925,few clouds,72.97,54,20,12.66,BR,2021-08-01 18:59:58
517,Chake Chake,-5.2459,39.7666,overcast clouds,74.07,82,100,13.65,TZ,2021-08-01 19:02:16
518,Griffith,41.5284,-87.4237,clear sky,79.5,60,1,1.99,US,2021-08-01 19:06:10
519,Kursk,51.7303,36.1939,clear sky,71.8,64,0,6.71,RU,2021-08-01 19:06:10
520,Nishihara,26.1842,127.7558,broken clouds,82.06,94,75,10.36,JP,2021-08-01 19:06:11
521,Honiara,-9.4333,159.95,scattered clouds,75.9,87,48,3.78,SB,2021-08-01 19:06:11
522,Tourlaville,49.6383,-1.5664,overcast clouds,62.65,82,90,10.36,FR,2021-08-01 19:06:12
523,Uchiza,-8.4592,-76.4633,overcast clouds,72.75,85,89,2.01,PE,2021-08-01 19:06:12
524,Tura,25.5198,90.2201,overcast clouds,73.6,98,87,3.44,IN,2021-08-01 19:06:12
525,Qandala,11.472,49.8728,broken clouds,88.12,54,65,2.73,SO,2021-08-01 19:06:13
526,Sangar,63.9242,127.4739,scattered clouds,61.11,61,40,3.49,RU,2021-08-01 19:06:13
527,Wukari,7.85,9.7833,light rain,73.6,94,100,5.28,NG,2021-08-01 19:06:13
528,Newcastle,-32.9272,151.7765,broken clouds,54.72,80,75,3.0,AU,2021-08-01 19:04:12
529,Hovd,48.0056,91.6419,clear sky,55.17,65,5,3.76,MN,2021-08-01 18:59:54
530,Rach Gia,10.0167,105.0833,overcast clouds,78.75,82,99,18.32,VN,2021-08-01 19:06:14
531,Prado,-17.3411,-39.2208,overcast clouds,71.28,57,100,11.68,BR,2021-08-01 19:06:14
532,Comodoro Rivadavia,-45.8667,-67.5,clear sky,64.26,19,0,20.71,AR,2021-08-01 19:03:19
533,Daru,-9.0763,143.2092,scattered clouds,75.54,75,41,13.89,PG,2021-08-01 19:06:15
534,Siocon,7.7061,122.1353,broken clouds,79.11,87,76,4.09,PH,2021-08-01 19:06:15
535,Bethel,41.3712,-73.414,overcast clouds,78.08,72,91,10.4,US,2021-08-01 18:58:31
536,Rio Grande,-32.035,-52.0986,broken clouds,53.71,76,58,5.23,BR,2021-08-01 18:58:56
537,Freeport,40.6576,-73.5832,clear sky,78.53,64,1,4.0,US,2021-08-01 19:03:47
538,Pontianak,-0.0333,109.3333,overcast clouds,76.98,100,90,1.14,ID,2021-08-01 19:06:16
539,Thoen,17.6129,99.2161,overcast clouds,76.32,91,100,2.86,TH,2021-08-01 19:06:16
540,Linjiang,41.8069,126.9078,light rain,71.44,99,100,2.39,CN,2021-08-01 19:06:16
541,Grindavik,63.8424,-22.4338,broken clouds,56.55,87,75,8.05,IS,2021-08-01 18:59:08
542,Wisconsin Rapids,44.3836,-89.8174,few clouds,75.13,49,20,14.97,US,2021-08-01 19:06:17
543,Salinopolis,-0.6136,-47.3561,broken clouds,80.82,79,55,10.56,BR,2021-08-01 19:03:21
544,Sitka,57.0531,-135.33,overcast clouds,62.28,84,100,3.33,US,2021-08-01 18:58:42
545,Muisne,0.6,-80.0333,broken clouds,79.65,77,59,12.44,EC,2021-08-01 19:06:17
546,Port Hedland,-20.3167,118.5667,clear sky,59.05,44,0,11.5,AU,2021-08-01 19:06:18
547,Woodward,36.4337,-99.3904,overcast clouds,77.92,61,90,10.36,US,2021-08-01 19:06:18
548,Bozeman,45.6796,-111.0386,clear sky,86.68,34,1,3.0,US,2021-08-01 19:06:18
549,Lompoc,34.6391,-120.4579,clear sky,89.13,73,1,4.0,US,2021-08-01 18:58:12
550,Atasu,48.6814,71.6433,scattered clouds,77.76,39,31,6.6,KZ,2021-08-01 19:06:19
551,Asekeyevo,53.5742,52.7972,broken clouds,70.7,48,83,3.24,RU,2021-08-01 19:06:19
552,Pangnirtung,66.1451,-65.7125,overcast clouds,48.2,87,90,6.91,CA,2021-08-01 18:58:55
553,Kashmor,28.4333,69.5833,overcast clouds,95.72,43,100,18.05,PK,2021-08-01 19:06:19
554,Buraydah,26.326,43.975,clear sky,92.26,9,6,6.91,SA,2021-08-01 19:06:20
555,Baghdad,33.3406,44.4009,clear sky,98.51,22,0,4.61,IQ,2021-08-01 19:06:20
556,Paita,-5.0892,-81.1144,clear sky,73.96,70,0,16.6,PE,2021-08-01 19:06:20
557,Kjollefjord,70.9457,27.3465,light rain,49.78,97,100,18.59,NO,2021-08-01 19:06:21
558,Itigi,-5.7,34.4833,few clouds,65.95,49,11,11.72,TZ,2021-08-01 19:06:21
559,Fatsa,41.0278,37.5014,clear sky,73.2,84,0,6.76,TR,2021-08-01 19:06:21
560,Sanmenxia,34.7747,111.1814,scattered clouds,79.47,74,27,10.94,CN,2021-08-01 19:06:22
561,Wattegama,6.7989,81.4808,overcast clouds,77.92,76,100,4.9,LK,2021-08-01 19:06:22
562,Parintins,-2.6283,-56.7358,overcast clouds,82.26,64,100,0.92,BR,2021-08-01 19:03:25
563,Sola,-13.8833,167.55,overcast clouds,75.33,62,97,10.18,VU,2021-08-01 19:03:29
564,Kirovskiy,45.0917,133.5136,few clouds,66.45,95,15,4.52,RU,2021-08-01 19:06:23
565,Fuerte Olimpo,-21.0415,-57.8738,overcast clouds,78.49,30,100,6.11,PY,2021-08-01 19:06:23
566,Vavozh,56.7751,51.931,overcast clouds,67.8,64,100,7.14,RU,2021-08-01 19:06:24
567,Akranes,64.3218,-22.0749,overcast clouds,62.19,90,95,3.04,IS,2021-08-01 19:06:24
568,Svetlogorsk,52.6333,29.7333,overcast clouds,73.53,66,100,3.27,BY,2021-08-01 19:06:24
569,Merrill,45.1805,-89.6835,overcast clouds,74.03,58,90,8.05,US,2021-08-01 19:06:25
570,Nanortalik,60.1432,-45.2371,overcast clouds,51.01,72,100,15.57,GL,2021-08-01 18:58:28
571,Sawtell,-30.3833,153.1,overcast clouds,64.42,77,100,19.57,AU,2021-08-01 19:06:25
572,Aden,12.7794,45.0367,overcast clouds,83.46,77,96,7.25,YE,2021-08-01 19:01:49
573,Winfield,37.2398,-96.9956,haze,88.79,69,20,5.75,US,2021-08-01 19:06:25
574,Strezhevoy,60.7333,77.5889,overcast clouds,58.98,75,99,6.29,RU,2021-08-01 18:58:21
575,Falun,60.6036,15.626,overcast clouds,58.95,88,100,4.43,SE,2021-08-01 19:06:26
576,Kupang,-10.1667,123.5833,broken clouds,74.89,87,82,8.43,ID,2021-08-01 19:06:26
577,Floriano,-6.7669,-43.0225,few clouds,94.35,24,19,13.35,BR,2021-08-01 19:06:26
578,La Palma,33.8464,-118.0467,clear sky,103.03,54,1,4.0,US,2021-08-01 19:06:27
579,Gat,31.61,34.7642,clear sky,86.4,57,0,4.72,IL,2021-08-01 19:06:27
580,Morondava,-20.2833,44.2833,clear sky,71.17,83,1,8.48,MG,2021-08-01 19:06:27
581,Mecca,21.4267,39.8261,clear sky,90.81,40,6,6.71,SA,2021-08-01 19:06:28
582,Tommot,58.9564,126.2925,light rain,58.89,76,100,6.26,RU,2021-08-01 19:06:28
583,Tadpatri,14.9167,78.0167,broken clouds,80.64,64,65,19.06,IN,2021-08-01 19:06:28
584,Idritsa,56.3316,28.8988,overcast clouds,65.01,66,100,4.41,RU,2021-08-01 19:06:29
585,Haines Junction,60.7522,-137.5108,broken clouds,66.15,52,74,3.44,CA,2021-08-01 18:59:30
586,Kudahuvadhoo,2.6708,72.8944,overcast clouds,82.72,70,100,5.35,MV,2021-08-01 19:06:29
587,Beloha,-25.1667,45.05,clear sky,67.69,69,0,9.35,MG,2021-08-01 19:06:29
588,Hushitai,41.9322,123.5114,overcast clouds,72.95,92,100,3.29,CN,2021-08-01 19:06:30
589,Sorong,-0.8833,131.25,scattered clouds,78.46,89,35,9.46,ID,2021-08-01 19:06:30
590,Shelburne,44.0787,-80.2041,overcast clouds,68.13,58,92,10.4,CA,2021-08-01 18:59:27
591,Gambela,8.25,34.5833,light rain,69.87,95,100,2.04,ET,2021-08-01 19:06:31
592,Tateyama,34.9833,139.8667,clear sky,80.62,82,3,6.46,JP,2021-08-01 19:02:01
593,New Glasgow,45.5834,-62.6486,scattered clouds,75.9,44,25,8.7,CA,2021-08-01 19:06:31
594,Maple Creek,49.9168,-109.4848,broken clouds,94.46,15,84,8.72,CA,2021-08-01 19:06:31
595,Bulgan,48.8125,103.5347,light rain,56.84,99,100,3.49,MN,2021-08-01 19:06:32
596,Meadow Lake,34.8014,-106.5436,scattered clouds,82.58,41,45,3.15,US,2021-08-01 19:06:32
597,Henties Bay,-22.116,14.2845,clear sky,68.45,43,0,13.13,NA,2021-08-01 19:03:40
598,Kununurra,-15.7667,128.7333,clear sky,67.98,83,5,4.61,AU,2021-08-01 19:03:48
599,Krasnoarmeysk,51.0239,45.6969,broken clouds,80.15,52,74,4.0,RU,2021-08-01 19:06:33
600,Dunedin,-45.8742,170.5036,overcast clouds,50.81,81,100,18.01,NZ,2021-08-01 18:58:54
601,Veraval,20.9,70.3667,overcast clouds,81.23,84,100,19.82,IN,2021-08-01 19:06:33
602,Rundu,-17.9333,19.7667,clear sky,60.46,34,0,6.8,NA,2021-08-01 19:06:34
603,Hawalli,29.2833,47.9972,clear sky,102.56,37,0,1.99,KW,2021-08-01 19:06:34
604,Nanyang,32.9947,112.5328,light rain,77.31,92,99,12.39,CN,2021-08-01 19:06:34
605,Ambanja,-13.6833,48.45,clear sky,69.28,80,8,1.59,MG,2021-08-01 19:02:51
606,Harbour Breton,47.4833,-55.7983,overcast clouds,60.69,86,100,15.26,CA,2021-08-01 19:06:35
607,Mocuba,-16.8392,36.9856,clear sky,61.72,80,0,2.89,MZ,2021-08-01 19:06:35
608,Vao,-22.6667,167.4833,broken clouds,66.13,59,68,13.91,NC,2021-08-01 19:03:12
609,Jumla,29.2747,82.1838,overcast clouds,64.04,94,96,1.07,NP,2021-08-01 19:06:36
610,Asfi,32.2994,-9.2372,overcast clouds,69.62,67,100,22.44,MA,2021-08-01 19:06:36
611,Semey,50.4111,80.2275,clear sky,75.51,31,0,7.31,KZ,2021-08-01 19:06:36
612,Diego De Almagro,-26.3667,-70.05,clear sky,81.99,9,0,13.2,CL,2021-08-01 19:06:36
613,Qala,40.4418,50.1681,clear sky,71.49,68,0,2.3,AZ,2021-08-01 19:06:37
614,Portland,45.5234,-122.6762,few clouds,86.95,52,14,3.4,US,2021-08-01 19:00:39
615,Myrtle Beach,33.6891,-78.8867,broken clouds,96.98,75,75,13.8,US,2021-08-01 19:04:11
616,Esna,25.2934,32.554,overcast clouds,96.57,11,100,9.24,EG,2021-08-01 19:06:37
617,Balad,34.0164,44.1453,clear sky,100.33,10,2,10.74,IQ,2021-08-01 19:06:38
618,Seddon,-37.8068,144.8916,clear sky,47.25,84,0,3.0,AU,2021-08-01 19:06:38
619,Cibitoke,-2.8833,29.25,broken clouds,65.64,56,64,2.57,BI,2021-08-01 19:06:38
620,Teya,60.3778,92.6267,overcast clouds,59.2,72,100,2.66,RU,2021-08-01 19:03:04
621,Tiznit,29.5833,-9.5,clear sky,73.33,49,0,6.4,MA,2021-08-01 19:06:39
622,Kolyvan,55.3053,82.7391,overcast clouds,64.06,91,91,6.78,RU,2021-08-01 19:06:39
623,Catuday,16.2923,119.8062,overcast clouds,81.07,85,100,21.34,PH,2021-08-01 19:06:40
624,Dingle,10.9995,122.6711,overcast clouds,77.36,87,100,8.03,PH,2021-08-01 18:58:53
625,Prince Rupert,54.3161,-130.3201,overcast clouds,59.09,93,90,4.61,CA,2021-08-01 18:59:50
626,Saint-Joseph,-21.3667,55.6167,scattered clouds,68.36,73,34,11.45,RE,2021-08-01 19:03:43
627,Van,38.4924,43.3831,scattered clouds,65.55,55,40,2.3,TR,2021-08-01 19:06:40
628,Ituiutaba,-18.9689,-49.465,clear sky,84.49,29,5,5.37,BR,2021-08-01 19:06:41
629,Galle,6.0367,80.217,overcast clouds,79.72,84,100,10.96,LK,2021-08-01 19:06:41
630,Carmen,18.6333,-91.8333,scattered clouds,89.64,62,40,8.05,MX,2021-08-01 19:06:41
631,Fuyu,45.1833,124.8167,overcast clouds,65.19,86,100,9.6,CN,2021-08-01 19:06:42
632,Inverness,57.4791,-4.224,broken clouds,58.78,64,75,3.0,GB,2021-08-01 19:06:42
633,Duzce,40.8389,31.1639,clear sky,71.6,64,0,2.35,TR,2021-08-01 19:06:42
634,Sosnovo-Ozerskoye,52.5249,111.5418,clear sky,48.97,91,2,1.05,RU,2021-08-01 19:06:43
635,Hudson Bay,52.85,-102.3842,clear sky,85.32,24,0,3.56,CA,2021-08-01 19:06:43
636,Balkhash,46.844,74.9804,clear sky,79.16,33,2,8.55,KZ,2021-08-01 19:06:43
637,Manzhouli,49.6,117.4333,few clouds,55.96,70,14,5.73,CN,2021-08-01 19:06:44
638,Necochea,-38.5473,-58.7368,clear sky,52.2,48,3,2.42,AR,2021-08-01 18:59:24
639,Abonnema,4.7084,6.7931,overcast clouds,79.02,74,99,8.5,NG,2021-08-01 19:06:44
640,Nokaneng,-19.6667,22.2667,clear sky,61.27,35,0,7.11,BW,2021-08-01 19:06:45
641,Yar-Sale,66.8333,70.8333,light rain,55.67,93,100,17.13,RU,2021-08-01 18:59:48
642,Patti,31.2808,74.8572,clear sky,85.95,65,8,5.79,IN,2021-08-01 19:06:45
643,Ewa Beach,21.3156,-158.0072,clear sky,84.15,57,1,20.0,US,2021-08-01 19:06:45
644,Aksarka,66.5606,67.7975,overcast clouds,56.52,99,100,5.35,RU,2021-08-01 19:06:46
645,Steinbach,50.1667,8.5667,light intensity shower rain,68.13,63,20,12.66,DE,2021-08-01 19:06:46
646,Naze,28.3667,129.4833,broken clouds,79.05,87,73,13.42,JP,2021-08-01 19:06:46
647,Valle De Allende,26.9333,-105.4,overcast clouds,78.19,49,91,6.76,MX,2021-08-01 19:06:47
648,Impfondo,1.6381,18.0667,overcast clouds,76.26,73,100,1.52,CG,2021-08-01 19:06:47
649,Sussex,41.1834,-74.6663,overcast clouds,74.68,88,90,0.0,US,2021-08-01 19:02:10
650,Bar Harbor,44.3876,-68.2039,clear sky,77.94,46,1,14.97,US,2021-08-01 19:06:48
651,Loreto,22.2667,-101.9667,clear sky,79.3,28,7,8.93,MX,2021-08-01 19:06:48
652,Plesetsk,62.708,40.2916,overcast clouds,57.9,99,100,1.61,RU,2021-08-01 19:06:49
653,Verkh-Usugli,52.7,115.1667,broken clouds,47.8,92,64,1.86,RU,2021-08-01 19:06:49
654,Varhaug,58.6147,5.6457,clear sky,60.48,79,10,22.95,NO,2021-08-01 19:06:49
655,Mlonggo,-6.5333,110.7,clear sky,76.53,79,5,7.07,ID,2021-08-01 19:06:49
656,Sao Miguel Do Araguaia,-13.275,-50.1628,clear sky,94.35,20,1,5.75,BR,2021-08-01 19:06:50
657,Kabompo,-13.5927,24.2008,clear sky,61.65,43,2,5.84,ZM,2021-08-01 19:06:50
658,Chesma,53.8111,60.6533,overcast clouds,67.62,68,100,8.48,RU,2021-08-01 19:06:51
659,Wageningen,51.9667,5.6667,broken clouds,63.18,82,75,6.91,NL,2021-08-01 19:06:51
660,San Ramon De La Nueva Oran,-23.1322,-64.326,clear sky,77.43,19,0,4.34,AR,2021-08-01 19:06:51
661,Vardo,70.3705,31.1107,broken clouds,55.6,93,75,10.36,NO,2021-08-01 18:59:51
662,Chicama,-7.8447,-79.1469,clear sky,66.74,58,4,10.38,PE,2021-08-01 18:58:19
663,Champerico,14.3,-91.9167,overcast clouds,93.74,71,90,6.67,GT,2021-08-01 18:58:46
664,Kattivakkam,13.2167,80.3167,overcast clouds,86.09,58,100,6.89,IN,2021-08-01 19:06:52
665,Pacific Grove,36.6177,-121.9166,broken clouds,80.11,77,75,3.0,US,2021-08-01 19:03:22
666,Mahibadhoo,3.7833,72.9667,overcast clouds,81.9,76,100,8.21,MV,2021-08-01 19:06:53
667,Shingu,33.7333,135.9833,overcast clouds,78.91,91,100,2.89,JP,2021-08-01 19:06:53
668,Baykit,61.67,96.37,light rain,60.39,89,100,0.76,RU,2021-08-01 19:06:53
669,Kuytun,54.3419,101.5036,overcast clouds,55.42,94,100,11.99,RU,2021-08-01 19:06:54
670,Shizunai,42.3339,142.3669,overcast clouds,73.2,95,100,12.66,JP,2021-08-01 19:06:54
671,Millau,44.0833,2.9167,broken clouds,64.38,71,65,7.11,FR,2021-08-01 19:06:54
672,Cabedelo,-6.9811,-34.8339,clear sky,81.27,74,7,23.38,BR,2021-08-01 19:06:55
673,Flinders,-34.5833,150.8552,clear sky,47.21,92,2,4.27,AU,2021-08-01 18:59:42
674,Port Macquarie,-31.4333,152.9167,broken clouds,56.89,80,70,9.44,AU,2021-08-01 19:03:11
675,Gao,16.6362,1.637,scattered clouds,94.1,36,30,9.53,ML,2021-08-01 19:06:55
676,Terra Santa,-2.1042,-56.4869,overcast clouds,86.52,54,99,2.48,BR,2021-08-01 19:06:56
